episode,x_wins,o_wins,draws,x_win_rate,o_win_rate,draw_rate,epsilon,hal_x_states,hal_o_states
1000,573,306,121,0.573,0.306,0.121,0.904833,2683,2682
2000,561,297,142,0.561,0.297,0.142,0.818723,3646,3645
3000,579,287,134,0.579,0.287,0.134,0.740807,4070,4069
4000,589,282,129,0.589,0.282,0.129,0.670307,4295,4294
5000,572,312,116,0.572,0.312,0.116,0.606515,4402,4401
6000,573,298,129,0.573,0.298,0.129,0.548795,4451,4450
7000,511,337,152,0.511,0.337,0.152,0.496568,4484,4483
8000,567,274,159,0.567,0.274,0.159,0.449311,4500,4499
9000,502,316,182,0.502,0.316,0.182,0.406551,4508,4507
10000,497,322,181,0.497,0.322,0.181,0.367861,4513,4512
11000,500,279,221,0.5,0.279,0.221,0.332853,4515,4514
12000,488,264,248,0.488,0.264,0.248,0.301176,4517,4516
13000,462,266,272,0.462,0.266,0.272,0.272514,4519,4518
14000,439,269,292,0.439,0.269,0.292,0.24658,4520,4519
15000,441,243,316,0.441,0.243,0.316,0.223113,4520,4519
16000,421,248,331,0.421,0.248,0.331,0.20188,4520,4519
17000,413,269,318,0.413,0.269,0.318,0.182668,4520,4519
18000,407,217,376,0.407,0.217,0.376,0.165284,4520,4519
19000,400,242,358,0.4,0.242,0.358,0.149554,4520,4519
20000,428,195,377,0.428,0.195,0.377,0.135322,4520,4519
21000,382,214,404,0.382,0.214,0.404,0.122444,4520,4519
22000,361,215,424,0.361,0.215,0.424,0.110791,4520,4519
23000,374,222,404,0.374,0.222,0.404,0.100247,4520,4519
24000,372,225,403,0.372,0.225,0.403,0.090707,4520,4519
25000,347,192,461,0.347,0.192,0.461,0.082075,4520,4519
26000,363,198,439,0.363,0.198,0.439,0.074264,4520,4519
27000,350,216,434,0.35,0.216,0.434,0.067196,4520,4519
28000,337,206,457,0.337,0.206,0.457,0.060802,4520,4519
29000,343,190,467,0.343,0.19,0.467,0.055015,4520,4519
30000,347,196,457,0.347,0.196,0.457,0.04978,4520,4519
31000,346,206,448,0.346,0.206,0.448,0.045042,4520,4519
32000,335,191,474,0.335,0.191,0.474,0.040756,4520,4519
33000,317,210,473,0.317,0.21,0.473,0.036877,4520,4519
34000,324,191,485,0.324,0.191,0.485,0.033368,4520,4519
35000,311,209,480,0.311,0.209,0.48,0.030192,4520,4519
36000,312,197,491,0.312,0.197,0.491,0.027319,4520,4519
37000,320,197,483,0.32,0.197,0.483,0.024719,4520,4519
38000,315,179,506,0.315,0.179,0.506,0.022367,4520,4519
39000,340,177,483,0.34,0.177,0.483,0.020238,4520,4519
40000,320,174,506,0.32,0.174,0.506,0.02,4520,4519
41000,334,177,489,0.334,0.177,0.489,0.02,4520,4519
42000,312,200,488,0.312,0.2,0.488,0.02,4520,4519
43000,311,217,472,0.311,0.217,0.472,0.02,4520,4519
44000,294,183,523,0.294,0.183,0.523,0.02,4520,4519
45000,327,189,484,0.327,0.189,0.484,0.02,4520,4519
46000,339,170,491,0.339,0.17,0.491,0.02,4520,4519
47000,323,186,491,0.323,0.186,0.491,0.02,4520,4519
48000,355,168,477,0.355,0.168,0.477,0.02,4520,4519
49000,331,175,494,0.331,0.175,0.494,0.02,4520,4519
50000,331,167,502,0.331,0.167,0.502,0.02,4520,4519
51000,326,163,511,0.326,0.163,0.511,0.02,4520,4519
52000,351,173,476,0.351,0.173,0.476,0.02,4520,4519
53000,315,186,499,0.315,0.186,0.499,0.02,4520,4519
54000,325,175,500,0.325,0.175,0.5,0.02,4520,4519
55000,344,186,470,0.344,0.186,0.47,0.02,4520,4519
56000,324,175,501,0.324,0.175,0.501,0.02,4520,4519
57000,323,217,460,0.323,0.217,0.46,0.02,4520,4519
58000,312,188,500,0.312,0.188,0.5,0.02,4520,4519
59000,317,193,490,0.317,0.193,0.49,0.02,4520,4519
60000,312,179,509,0.312,0.179,0.509,0.02,4520,4519
61000,304,182,514,0.304,0.182,0.514,0.02,4520,4519
62000,332,186,482,0.332,0.186,0.482,0.02,4520,4519
63000,303,188,509,0.303,0.188,0.509,0.02,4520,4519
64000,308,197,495,0.308,0.197,0.495,0.02,4520,4519
65000,336,166,498,0.336,0.166,0.498,0.02,4520,4519
66000,329,204,467,0.329,0.204,0.467,0.02,4520,4519
67000,321,197,482,0.321,0.197,0.482,0.02,4520,4519
68000,344,168,488,0.344,0.168,0.488,0.02,4520,4519
69000,343,192,465,0.343,0.192,0.465,0.02,4520,4519
70000,340,198,462,0.34,0.198,0.462,0.02,4520,4519
71000,317,183,500,0.317,0.183,0.5,0.02,4520,4519
72000,312,178,510,0.312,0.178,0.51,0.02,4520,4519
73000,353,186,461,0.353,0.186,0.461,0.02,4520,4519
74000,328,175,497,0.328,0.175,0.497,0.02,4520,4519
75000,328,191,481,0.328,0.191,0.481,0.02,4520,4519
76000,307,179,514,0.307,0.179,0.514,0.02,4520,4519
77000,327,169,504,0.327,0.169,0.504,0.02,4520,4519
78000,299,201,500,0.299,0.201,0.5,0.02,4520,4519
79000,311,192,497,0.311,0.192,0.497,0.02,4520,4519
80000,341,176,483,0.341,0.176,0.483,0.02,4520,4519
81000,306,161,533,0.306,0.161,0.533,0.02,4520,4519
82000,329,187,484,0.329,0.187,0.484,0.02,4520,4519
83000,336,181,483,0.336,0.181,0.483,0.02,4520,4519
84000,322,170,508,0.322,0.17,0.508,0.02,4520,4519
85000,302,188,510,0.302,0.188,0.51,0.02,4520,4519
86000,348,153,499,0.348,0.153,0.499,0.02,4520,4519
87000,311,187,502,0.311,0.187,0.502,0.02,4520,4519
88000,349,160,491,0.349,0.16,0.491,0.02,4520,4519
89000,336,182,482,0.336,0.182,0.482,0.02,4520,4519
90000,334,177,489,0.334,0.177,0.489,0.02,4520,4519
91000,332,190,478,0.332,0.19,0.478,0.02,4520,4519
92000,309,176,515,0.309,0.176,0.515,0.02,4520,4519
93000,324,187,489,0.324,0.187,0.489,0.02,4520,4519
94000,301,185,514,0.301,0.185,0.514,0.02,4520,4519
95000,328,173,499,0.328,0.173,0.499,0.02,4520,4519
96000,294,179,527,0.294,0.179,0.527,0.02,4520,4519
97000,306,185,509,0.306,0.185,0.509,0.02,4520,4519
98000,340,164,496,0.34,0.164,0.496,0.02,4520,4519
99000,328,186,486,0.328,0.186,0.486,0.02,4520,4519
100000,328,160,512,0.328,0.16,0.512,0.02,4520,4519
101000,315,167,518,0.315,0.167,0.518,0.02,4520,4519
102000,341,157,502,0.341,0.157,0.502,0.02,4520,4519
103000,312,186,502,0.312,0.186,0.502,0.02,4520,4519
104000,308,193,499,0.308,0.193,0.499,0.02,4520,4519
105000,320,176,504,0.32,0.176,0.504,0.02,4520,4519
106000,321,175,504,0.321,0.175,0.504,0.02,4520,4519
107000,320,199,481,0.32,0.199,0.481,0.02,4520,4519
108000,305,186,509,0.305,0.186,0.509,0.02,4520,4519
109000,320,170,510,0.32,0.17,0.51,0.02,4520,4519
110000,327,181,492,0.327,0.181,0.492,0.02,4520,4519
111000,324,193,483,0.324,0.193,0.483,0.02,4520,4519
112000,334,198,468,0.334,0.198,0.468,0.02,4520,4519
113000,301,197,502,0.301,0.197,0.502,0.02,4520,4519
114000,325,197,478,0.325,0.197,0.478,0.02,4520,4519
115000,313,180,507,0.313,0.18,0.507,0.02,4520,4519
116000,317,177,506,0.317,0.177,0.506,0.02,4520,4519
117000,309,187,504,0.309,0.187,0.504,0.02,4520,4519
118000,341,173,486,0.341,0.173,0.486,0.02,4520,4519
119000,339,194,467,0.339,0.194,0.467,0.02,4520,4519
120000,321,186,493,0.321,0.186,0.493,0.02,4520,4519
121000,349,182,469,0.349,0.182,0.469,0.02,4520,4519
122000,336,158,506,0.336,0.158,0.506,0.02,4520,4519
123000,310,210,480,0.31,0.21,0.48,0.02,4520,4519
124000,326,181,493,0.326,0.181,0.493,0.02,4520,4519
125000,339,187,474,0.339,0.187,0.474,0.02,4520,4519
126000,285,184,531,0.285,0.184,0.531,0.02,4520,4519
127000,319,180,501,0.319,0.18,0.501,0.02,4520,4519
128000,348,192,460,0.348,0.192,0.46,0.02,4520,4519
129000,318,185,497,0.318,0.185,0.497,0.02,4520,4519
130000,340,164,496,0.34,0.164,0.496,0.02,4520,4519
131000,297,189,514,0.297,0.189,0.514,0.02,4520,4519
132000,310,184,506,0.31,0.184,0.506,0.02,4520,4519
133000,329,173,498,0.329,0.173,0.498,0.02,4520,4519
134000,329,197,474,0.329,0.197,0.474,0.02,4520,4519
135000,359,160,481,0.359,0.16,0.481,0.02,4520,4519
136000,324,166,510,0.324,0.166,0.51,0.02,4520,4519
137000,308,183,509,0.308,0.183,0.509,0.02,4520,4519
138000,311,186,503,0.311,0.186,0.503,0.02,4520,4519
139000,312,189,499,0.312,0.189,0.499,0.02,4520,4519
140000,311,175,514,0.311,0.175,0.514,0.02,4520,4519
141000,323,182,495,0.323,0.182,0.495,0.02,4520,4519
142000,353,186,461,0.353,0.186,0.461,0.02,4520,4519
143000,339,181,480,0.339,0.181,0.48,0.02,4520,4519
144000,324,200,476,0.324,0.2,0.476,0.02,4520,4519
145000,312,203,485,0.312,0.203,0.485,0.02,4520,4519
146000,338,174,488,0.338,0.174,0.488,0.02,4520,4519
147000,345,185,470,0.345,0.185,0.47,0.02,4520,4519
148000,321,191,488,0.321,0.191,0.488,0.02,4520,4519
149000,325,185,490,0.325,0.185,0.49,0.02,4520,4519
150000,314,169,517,0.314,0.169,0.517,0.02,4520,4519
151000,301,191,508,0.301,0.191,0.508,0.02,4520,4519
152000,340,160,500,0.34,0.16,0.5,0.02,4520,4519
153000,305,180,515,0.305,0.18,0.515,0.02,4520,4519
154000,329,188,483,0.329,0.188,0.483,0.02,4520,4519
155000,320,191,489,0.32,0.191,0.489,0.02,4520,4519
156000,332,191,477,0.332,0.191,0.477,0.02,4520,4519
157000,348,153,499,0.348,0.153,0.499,0.02,4520,4519
158000,342,181,477,0.342,0.181,0.477,0.02,4520,4519
159000,328,177,495,0.328,0.177,0.495,0.02,4520,4519
160000,325,163,512,0.325,0.163,0.512,0.02,4520,4519
161000,299,193,508,0.299,0.193,0.508,0.02,4520,4519
162000,305,193,502,0.305,0.193,0.502,0.02,4520,4519
163000,345,188,467,0.345,0.188,0.467,0.02,4520,4519
164000,304,187,509,0.304,0.187,0.509,0.02,4520,4519
165000,310,208,482,0.31,0.208,0.482,0.02,4520,4519
166000,299,194,507,0.299,0.194,0.507,0.02,4520,4519
167000,298,192,510,0.298,0.192,0.51,0.02,4520,4519
168000,310,173,517,0.31,0.173,0.517,0.02,4520,4519
169000,293,191,516,0.293,0.191,0.516,0.02,4520,4519
170000,324,181,495,0.324,0.181,0.495,0.02,4520,4519
171000,327,174,499,0.327,0.174,0.499,0.02,4520,4519
172000,331,205,464,0.331,0.205,0.464,0.02,4520,4519
173000,309,194,497,0.309,0.194,0.497,0.02,4520,4519
174000,343,183,474,0.343,0.183,0.474,0.02,4520,4519
175000,313,207,480,0.313,0.207,0.48,0.02,4520,4519
176000,348,178,474,0.348,0.178,0.474,0.02,4520,4519
177000,323,179,498,0.323,0.179,0.498,0.02,4520,4519
178000,319,196,485,0.319,0.196,0.485,0.02,4520,4519
179000,317,172,511,0.317,0.172,0.511,0.02,4520,4519
180000,332,186,482,0.332,0.186,0.482,0.02,4520,4519
181000,322,175,503,0.322,0.175,0.503,0.02,4520,4519
182000,338,175,487,0.338,0.175,0.487,0.02,4520,4519
183000,317,173,510,0.317,0.173,0.51,0.02,4520,4519
184000,333,178,489,0.333,0.178,0.489,0.02,4520,4519
185000,327,199,474,0.327,0.199,0.474,0.02,4520,4519
186000,312,166,522,0.312,0.166,0.522,0.02,4520,4519
187000,302,182,516,0.302,0.182,0.516,0.02,4520,4519
188000,334,187,479,0.334,0.187,0.479,0.02,4520,4519
189000,331,170,499,0.331,0.17,0.499,0.02,4520,4519
190000,315,166,519,0.315,0.166,0.519,0.02,4520,4519
191000,340,165,495,0.34,0.165,0.495,0.02,4520,4519
192000,343,178,479,0.343,0.178,0.479,0.02,4520,4519
193000,344,183,473,0.344,0.183,0.473,0.02,4520,4519
194000,338,169,493,0.338,0.169,0.493,0.02,4520,4519
195000,315,201,484,0.315,0.201,0.484,0.02,4520,4519
196000,325,175,500,0.325,0.175,0.5,0.02,4520,4519
197000,297,194,509,0.297,0.194,0.509,0.02,4520,4519
198000,311,184,505,0.311,0.184,0.505,0.02,4520,4519
199000,332,184,484,0.332,0.184,0.484,0.02,4520,4519
200000,348,178,474,0.348,0.178,0.474,0.02,4520,4519
