game,moves
1,e2e3 d7d5 f2f4 g7g5 g2g3 c8d7 a2a3 d5d4 h2h3 b7b5 h1h2 h7h6
2,b1c3 c7c6 g2g3 f7f5 d2d3 h7h6 g3g4 e7e6 d3d4 f8b4 c1d2 d8e7
3,a2a3 a7a5 f2f3 b7b5 c2c4 f7f5 h2h3 d7d5 f3f4 h7h5 d1c2 g8f6
4,e2e3 d7d5 f2f4 h7h5 e3e4 d5d4 e1e2 g8h6 a2a4 c8e6 a4a5 a7a6
5,a2a4 b7b6 g1h3 d7d6 a4a5 c7c5 h3g5 f7f6 b2b3 b8c6 h1g1 d6d5
6,b2b4 b8a6 b1a3 b7b5 f2f4 h7h6 d2d4 c7c5 c1d2 c5d4 g1h3 g8f6
7,e2e3 a7a5 g1f3 g8h6 f1b5 g7g5 e1g1 f7f6 d2d4 c7c6 h2h3 c6b5
8,a2a4 b7b6 g1h3 h7h6 b2b4 f7f5 h3g1 a7a6 b1c3 b6b5 c3b1 b5a4
9,g2g3 c7c6 e2e3 g7g5 f2f4 f7f6 d1h5
10,g2g3 h7h6 g3g4 e7e6 e2e3 f7f6 d2d3 a7a5 b1c3 f8e7 c3d5 e7a3
11,e2e3 d7d5 e1e2 h7h5 e3e4 b7b6 e4d5 e7e6 d5e6 d8e7 b2b3 e7e6
12,a2a3 c7c6 b2b3 f7f6 d2d3 b7b6 a1a2 c6c5 d3d4 b6b5 e2e3 b8a6
13,a2a4 b8c6 e2e3 e7e6 b2b4 c6d4 a4a5 f7f5 f1e2 e6e5 h2h4 d8e7
14,b2b4 a7a5 g1f3 h7h6 b1a3 a5a4 f3e5 g7g5 b4b5 b7b6 a1b1 g5g4
15,a2a4 e7e6 g1h3 h7h6 d2d3 c7c6 b2b3 a7a6 a1a3 f8b4 c1d2 f7f6
16,e2e3 g7g6 a2a4 d7d5 e1e2 a7a6 b2b4 d5d4 e3d4 e7e5 d4e5 f8b4
17,b2b4 b7b6 a2a4 f7f5 b1a3 b8c6 d2d3 c6d4 e2e3 b6b5 a4b5 e7e5
18,b2b4 b7b6 a2a4 f7f5 a1a3 d7d6 b4b5 b8c6 b5c6 e7e5 c1b2 e8f7
19,a2a3 c7c6 g1f3 f7f6 d2d3 f6f5 g2g3 d7d6 e2e3 e8d7 f3g1 a7a6
20,a2a4 e7e6 g1h3 f8b4 e2e3 a7a6 b1c3 b4c3 g2g3 c3b4 c2c3 a6a5
21,e2e3 d7d5 f2f4 h7h5 g1e2 h8h6 e3e4 h5h4 a2a3 c8g4 b2b3 h6h8
22,a2a3 c7c6 e2e4 f7f6 g1e2 d8b6 e4e5 d7d6 e5f6 e7f6 f2f4 a7a6
23,e2e3 g7g6 e1e2 g8h6 h2h4 h8g8 e3e4 d7d5 e4e5 f8g7 h4h5 a7a6
24,e2e4 b8c6 g2g4 g8h6 a2a4 a7a5 d2d3 d7d6 a1a3 a8b8 f2f3 f7f6
25,a2a3 h7h5 b2b3 g7g6 e2e4 f7f5 f1a6 g6g5 d2d3 b7a6 f2f3 h5h4
26,a2a3 b7b5 c2c4 a7a6 a3a4 e7e5 h2h4 b5a4 h4h5 c8b7 c4c5 g7g6
27,a2a3 a7a5 d2d4 b7b5 d4d5 a5a4 g2g3 a8a6 e2e4 e7e6 f1b5 c8b7
28,a2a4 e7e6 f2f4 h7h6 e2e3 f7f6 b2b4 c7c6 a4a5 h8h7 e1e2 f8b4
29,e2e4 b8c6 g2g4 g8h6 a2a4 g7g6 d2d3 h8g8 c1g5 a7a5 f1e2 a8b8
30,a2a4 e7e6 e2e3 e6e5 g2g3 g7g6 g1h3 f8h6 f2f3 f7f6 f1e2 e5e4
31,e2e3 g7g6 a2a4 g8h6 f2f3 h8g8 e3e4 f7f5 b1c3 a7a5 d2d3 c7c5
32,e2e3 d7d5 e1e2 b7b6 a2a3 c7c6 b2b4 f7f6 h2h4 e8d7 g1f3 h7h5
33,a2a3 b8c6 d2d3 g7g6 c2c4 a7a6 h2h3 d7d5 f2f4 c6d4 e2e3 g8h6
34,a2a3 a7a5 g2g3 a8a7 d2d4 a5a4 e2e4 c7c5 b1d2 c5c4 f2f3 b7b5
35,b1c3 c7c6 g2g3 f7f6 d2d3 b8a6 a2a3 h7h6 b2b3 e8f7 h2h3 b7b5
36,g2g4 a7a5 f2f4 c7c6 b1c3 d7d6 b2b3 a5a4 e1f2 b8a6 a2a3 e7e6
37,b1c3 c7c6 g2g3 b7b6 d2d3 e7e6 e1d2 e8e7 f2f4 f7f5 g3g4 b8a6
38,e2e3 g8h6 f2f3 g7g6 e3e4 e7e5 b2b3 a7a6 g1e2 f7f6 c2c3 b8c6
39,b2b3 f7f6 d2d4 c7c6 g2g4 h7h5 a2a4 g7g5 a1a3 d8a5 c2c3 d7d6
40,f2f4 a7a5 d2d4 b8c6 g2g4 g8h6 b2b4 c6d4 c1d2 a5b4 f1h3 d4c2
41,a2a4 f7f6 b2b4 a7a5 d2d4 a5b4 c1h6 a8a6 e1d2 g7g5 f2f4 c7c5
42,e2e3 h7h6 g2g4 e7e5 b1c3 f8d6 f1c4 c7c5 e1e2 g8f6 g4g5 f6g8
43,c2c3 e7e5 c3c4 g8e7 g1h3 d7d5 b1c3 b7b6 h3f4 e5e4 d2d3 e8d7
44,a2a3 c7c5 e2e4 f7f6 d2d4 e7e5 g2g3 g7g6 c2c3 c5d4 f2f3 g8h6
45,e2e3 g7g6 a2a4 g8h6 g1h3 c7c5 b2b4 a7a6 d2d4 f7f5 e1d2 c5b4
46,a2a3 a7a6 b1c3 g7g6 g2g4 e7e6 f2f3 f7f5 g1h3 f8h6 d2d3 b7b5
47,g2g3 b7b6 h2h4 f7f6 a2a4 b8a6 a4a5 b6b5 g1h3 b5b4 c2c4 g8h6
48,e2e3 b7b5 h2h3 a7a5 c2c3 b5b4 g1e2 c8a6 f2f4 h7h5 e3e4 g8h6
49,b1c3 c7c6 g2g4 b7b6 c3d5 f7f6 h2h3 e8f7 b2b3 b6b5 e2e3 f6f5
50,e2e3 a7a5 d2d3 c7c6 a2a4 d8b6 g2g3 h7h6 a1a3 h8h7 g3g4 e8d8
51,a2a3 g7g5 a3a4 b8c6 f2f4 c6d4 c2c4 h7h6 f4f5 g5g4 e2e4 d4f5
52,a2a3 b8c6 c2c3 g7g6 f2f4 e7e6 d2d3 c6d4 c3c4 g8e7 h2h4 a7a6
53,h2h4 f7f6 g2g3 g8h6 d2d4 b8a6 e1d2 a8b8 a2a3 b7b6 b2b3 a6b4
54,a2a3 c7c6 g2g3 b7b6 e2e3 f7f6 d2d3 h7h6 d1h5 g7g6 h5g6
55,b2b3 b7b6 g1h3 c7c6 d2d3 d7d6 g2g3 f7f6 a2a4 e8d7 h1g1 h7h5
56,a2a3 c7c6 d2d3 f7f6 g2g3 b7b5 e2e3 b5b4 d1e2 d7d5 a3b4 e8d7
57,e2e3 f7f6 h2h3 b7b6 f2f4 a7a6 e3e4 e7e6 f4f5 e6e5 g2g4 f8c5
58,a2a3 c7c5 c2c3 f7f6 a3a4 h7h6 f2f4 g7g6 d2d4 d7d5 e1f2 c5d4
59,a2a4 b7b6 g2g4 f7f6 b2b4 f6f5 g1h3 b8c6 a4a5 g8f6 a1a3 e8f7
60,f2f3 f7f5 b2b4 b7b6 e1f2 b8c6 c2c3 e8f7 e2e4 c6b8 f1e2 b8a6
61,b1a3 e7e6 c2c4 g7g5 f2f4 d7d6 g1h3 b7b6 b2b4 a7a6 a1b1 g5f4
62,f2f4 a7a5 c2c4 c7c6 e2e4 f7f6 g1e2 e7e5 h1g1 f8c5 f4f5 g8e7
63,b2b3 c7c6 a2a4 f7f6 d2d3 b7b5 a4b5 a7a5 b1a3 c6b5 a1b1 a8a6
64,a2a4 b7b6 g1h3 b8c6 a4a5 d7d5 f2f4 e7e5 f4e5 g7g6 b2b4 h7h6
65,e2e3 d7d5 b2b4 b7b6 e1e2 b8a6 b4b5 g7g5 a2a3 h7h5 f2f3 f8g7
66,b1a3 f7f6 h2h3 d7d6 a1b1 e7e5 c2c4 e8e7 f2f3 c7c5 g2g3 h7h6
67,b1c3 e7e6 c3b5 f8e7 d2d4 g8f6 e2e4 g7g5 g1e2 f6e4 b5c7 d8c7
68,a2a3 c7c6 g2g3 f7f6 d2d3 h7h6 f1h3 e8f7 e1f1 d8c7 f1e1 b7b6
69,a2a3 c7c6 g2g3 b7b6 a1a2 c6c5 d2d4 c5d4 e2e3 c8b7 b1c3 b8c6
70,a2a3 g8f6 e2e4 g7g6 d1f3 h7h5 h2h3 c7c6 e1d1 a7a6 d2d4 e7e5
71,f2f3 b7b5 b2b3 e7e5 e2e3 f7f5 a2a4 f5f4 b3b4 b8a6 a4b5 f4e3
72,b2b4 a7a5 b1a3 d7d6 b4b5 e7e5 f2f3 b8c6 g2g4 d8h4
73,f2f3 b7b5 a2a4 g7g6 a4b5 d7d5 h2h4 a7a6 g2g4 c8g4 f3g4 a6b5
74,e2e3 g7g6 d1e2 e7e5 e1d1 f8d6 f2f4 f7f6 g1h3 a7a6 f4e5 d6e5
75,b1a3 g8h6 c2c4 a7a5 a3b5 h6g8 f2f4 f7f5 h2h3 b8c6 c4c5 a8a6
76,a2a3 g8f6 e2e4 d7d5 f2f3 d5d4 c2c4 b8a6 c4c5 a8b8 b2b3 a6c5
77,g1h3 f7f6 b1a3 h7h6 h3g1 b8a6 b2b4 f6f5 g2g4 b7b5 g1h3 e8f7
78,b2b3 c7c6 f2f3 b7b6 c2c3 a7a5 d2d4 c8b7 b3b4 f7f5 h2h4 h7h5
79,e2e3 a7a5 a2a4 d7d6 f2f3 a8a7 g2g3 b8a6 b2b3 a6b4 f1b5 c8d7
80,b2b3 e7e5 a2a4 f8d6 d2d3 b8a6 a1a3 b7b5 a4b5 c7c5 c2c4 f7f6
81,e2e3 g7g6 a2a4 e7e5 f2f3 f7f6 a4a5 e8e7 g1h3 a7a6 g2g3 c7c5
82,a2a3 e7e6 e2e4 h7h6 f2f3 f7f6 f1a6 g7g6 e4e5 b8a6 g2g3 f6e5
83,e2e3 d7d5 e1e2 d5d4 e3d4 b7b5 c2c3 b5b4 d1a4 b8d7 f2f3 h7h5
84,e2e3 g7g6 f2f4 e7e5 f4e5 f7f5 e5f6 g8f6 e3e4 f6h5 h2h3 d8h4
85,e2e3 g7g6 f2f4 f8h6 f4f5 h6f4 d2d3 b8c6 e3f4 f7f6 f5g6 h7g6
86,a2a3 b8c6 c2c3 g8h6 a3a4 g7g6 f2f3 a8b8 b2b3 c6a5 d2d4 f8g7
87,e2e3 g7g6 d1h5 a7a6 g2g3 e7e5 f1h3 e5e4 h5d5 g8e7 d5e4 f7f6
88,e2e3 a7a5 b1c3 d7d6 d2d3 a8a6 b2b3 g8h6 e3e4 c7c5 g1e2 c8g4
89,e2e3 g7g6 f2f4 e7e5 h2h3 e5e4 e1e2 g6g5 f4g5 f7f5 g1f3 f8g7
90,e2e3 g7g6 a2a4 e7e5 f2f3 f7f6 b1a3 e8f7 g1e2 a7a5 h2h3 f8g7
91,a2a4 e7e6 g1h3 h7h6 g2g4 a7a6 f1g2 f7f6 a4a5 g7g6 b2b4 f8e7
92,a2a4 f7f6 b2b4 a7a5 f2f4 h7h6 d2d4 h8h7 h2h3 b7b5 c1e3 a8a6
93,e2e4 b8c6 f1d3 a7a5 c2c3 g7g6 f2f3 g6g5 b2b3 c6d4 c3d4 h7h6
94,f2f4 b8a6 h2h3 h7h6 d2d3 h8h7 e2e4 a6b4 d1e2 g7g5 e1d1 g5f4
95,e2e3 f7f6 f2f3 b7b5 f1c4 b8c6 c4b5 a7a6 b5c6 a6a5 g2g3 h7h5
96,b2b3 c7c6 e2e3 f7f6 g1e2 b7b5 e3e4 d7d5 d2d3 b5b4 e1d2 d8b6
97,b2b3 f7f5 a2a4 g7g5 b3b4 d7d5 e2e3 b7b5 e1e2 h7h5 b1c3 b8a6
98,e2e3 g7g6 g1h3 d7d5 e1e2 g6g5 e3e4 c8g4 f2f3 a7a6 h3g5 d8d6
99,e2e3 d7d5 e1e2 b7b6 f2f3 h7h5 d2d3 a7a5 b2b3 d8d7 b1a3 h8h7
100,c2c3 h7h6 h2h3 d7d5 h1h2 g8f6 c3c4 c7c5 d2d3 f6h7 f2f3 g7g6
101,g2g3 b7b6 g3g4 e7e5 c2c3 d7d5 h2h4 g8e7 f2f4 e8d7 d2d3 f7f5
102,a2a3 f7f6 d2d3 c7c6 b2b4 b7b5 e2e3 e8f7 c2c4 a7a5 g2g3 h7h6
103,a2a3 b8c6 d2d3 a8b8 b2b4 c6d4 a3a4 e7e5 c1b2 e8e7 b2d4 e5d4
104,h2h4 a7a5 h4h5 g7g5 d2d4 a8a7 g2g3 b7b5 d4d5 c8b7 e2e4 e7e5
105,b2b3 c7c6 a2a4 f7f6 a1a3 c6c5 d2d3 g7g6 c1g5 d7d6 f2f4 a7a6
106,g1f3 b7b5 a2a4 f7f5 f3e5 b8a6 e2e4 f5e4 a4b5 d7d5 d2d3 g7g5
107,e2e3 a7a5 b1c3 g8h6 f1e2 g7g5 h2h4 c7c5 f2f4 g5h4 g2g4 h8g8
108,g1f3 b7b5 c2c4 f7f6 e2e4 e7e5 f1e2 b5c4 f3e5 d7d6 e1g1 a7a6
109,e2e3 g8h6 g2g4 g7g6 f2f4 a7a5 d2d3 d7d5 b2b3 h6g4 b1c3 b8c6
110,g2g3 h7h5 e2e3 g7g5 f1b5 f7f5 f2f4 g5f4 g3f4 a7a6 h2h4 a6b5
111,a2a3 c7c5 e2e4 b7b5 g1e2 f7f6 b2b3 g7g5 f2f3 e7e6 c1b2 b5b4
112,e2e3 d7d5 e1e2 b7b6 g2g4 e7e5 a2a4 e8e7 e2e1 g7g5 e3e4 c8g4
113,a2a3 f7f6 f2f3 c7c5 e2e3 a7a5 g2g3 e8f7 f1b5 a5a4 e1f2 b7b6
114,g2g4 f7f6 h2h3 e8f7 e2e3 b7b6 f1c4 e7e6 h3h4 a7a6 e1e2 g8e7
115,g1f3 b7b5 c2c4 f7f6 b2b4 c7c6 a2a4 e7e5 h2h4 f8c5 b4c5 h7h6
116,e2e3 g8h6 f2f4 a7a5 h2h4 d7d5 b2b3 h6g8 b1a3 a8a7 g2g3 c7c5
117,e2e3 g7g6 a2a4 d7d5 e1e2 a7a6 a1a3 e7e5 g1f3 d8d7 f3e5 f8a3
118,e2e3 f7f6 h2h3 e7e6 b2b3 f6f5 e3e4 b7b5 h1h2 g7g5 f2f4 f8c5
119,a2a3 f7f6 d2d3 b7b6 c2c4 e8f7 d3d4 e7e5 d4e5 g8e7 h2h3 b6b5
120,a2a4 b8c6 e2e3 c6d4 d2d3 e7e5 e3d4 d7d6 d4e5 f7f6 a1a2 f6e5
121,f2f3 b7b5 c2c4 f7f5 e1f2 e8f7 e2e4 c7c6 f2e3 g7g6 e3d3 h7h6
122,a2a3 b8c6 a3a4 c6d4 e2e3 d7d6 a4a5 c7c6 e3e4 e7e5 f2f3 e8d7
123,e2e3 g7g6 f2f3 a7a5 b2b3 b7b5 e1e2 d7d5 b1c3 c8h3 c3e4 d5e4
124,g2g4 a7a5 c2c4 d7d6 f2f3 g7g5 a2a4 e7e6 f1h3 b8c6 e1f2 c6b4
125,a2a3 b8c6 d2d3 b7b6 c2c4 f7f6 b1d2 e8f7 e2e4 g7g6 f2f3 e7e6
126,a2a4 f7f6 b2b4 e7e5 g1f3 d7d6 f3e5 b8a6 c2c3 b7b6 b4b5 c7c5
127,e2e3 g7g6 g1h3 e7e5 h1g1 f7f6 f2f4 a7a6 b1c3 d7d6 g2g3 e5f4
128,a2a4 f7f6 b2b4 h7h6 f2f4 e8f7 d2d4 g7g5 f4g5 d7d5 a1a3 h6g5
129,e2e3 g7g6 f2f4 e7e5 h2h3 b8c6 f4e5 f8c5 a2a4 e8e7 f1e2 f7f5
130,e2e3 g7g6 f2f4 e7e5 b2b4 f7f5 a2a4 d8f6 a4a5 f8d6 h2h3 b7b5
131,e2e3 g7g6 f2f3 e7e6 b2b3 e8e7 g1h3 b7b5 a2a4 b5b4 a4a5 f7f5
132,a2a4 f7f6 b2b4 a7a5 f2f4 a5b4 h2h3 h7h5 d2d4 g7g5 e1f2 f6f5
133,a2a4 b7b6 g1h3 e7e6 b2b4 c7c5 d2d4 b8c6 g2g4 h7h6 b4b5 c6d4
134,f2f4 a7a5 d2d4 b7b6 b2b4 e7e5 g2g4 c7c6 a2a4 f7f5 h2h3 g8f6
135,e2e3 g7g6 a2a4 b7b6 b2b4 e7e5 f2f3 d7d6 b4b5 e8e7 f1e2 b8c6
136,f2f3 e7e6 b2b3 f7f5 a2a4 f5f4 e2e3 f8c5 b3b4 e8e7 f1d3 c5b4
137,a2a3 c7c5 e2e4 b8a6 g1e2 c5c4 a3a4 a6c7 d2d3 e7e5 g2g3 c4d3
138,f2f3 b7b5 c2c4 f7f5 b2b4 g7g6 h2h3 d7d5 e1f2 c7c6 c4b5 h7h5
139,b1a3 d7d5 b2b4 a7a6 g2g3 d5d4 h2h3 e7e6 b4b5 a6b5 d2d3 g8f6
140,f2f3 b7b5 b2b3 a7a5 a2a4 e7e5 a4b5 c8b7 e2e3 d8e7 g2g4 e7d8
141,e2e3 g7g5 f2f3 d7d5 e1e2 h7h5 f3f4 a7a6 g1h3 c8h3 b1c3 h3g4
142,e2e3 a7a5 a2a3 a5a4 g2g3 c7c6 d2d3 f7f6 d1h5 g7g6 b1d2 g6h5
143,f2f4 a7a5 c2c4 c7c6 h2h3 a5a4 c4c5 a4a3 e1f2 e7e6 b2b4 g8e7
144,c2c4 e7e6 h2h3 f7f5 b1a3 f5f4 h1h2 d8e7 a3b5 g8h6 b2b4 c7c5
145,g1f3 b7b5 c2c4 f7f6 e2e4 c7c5 f3e5 f6e5 c4b5 b8c6 h1g1 e8f7
146,e2e3 h7h6 h2h3 e7e6 d2d3 g8f6 a2a4 f8e7 f2f4 g7g6 b2b4 c7c6
147,e2e3 g7g6 g1h3 e7e6 a2a4 a7a6 c2c4 f7f6 a4a5 f8h6 d1h5 c7c6
148,h2h4 b7b5 c2c4 f7f6 h4h5 g8h6 b2b4 c7c6 c4b5 d7d5 d1b3 e8d7
149,e2e3 g7g6 g1h3 e7e5 d1h5 g6h5 g2g3 f7f6 f1g2 f8g7 c2c3 g8e7
150,a2a4 f7f6 b2b4 a7a5 f2f4 a5b4 g2g4 e8f7 c1b2 b7b5 h2h4 h7h5
151,e2e3 g7g6 g1h3 e7e6 g2g3 e6e5 d1g4 b7b6 g4f3 f8g7 f3e4 f7f6
152,e2e3 g8h6 f2f3 g7g6 e3e4 h8g8 c2c4 f7f5 b2b3 f5e4 f3e4 e7e5
153,e2e3 f7f5 g2g3 h7h5 a2a3 g7g5 a3a4 h8h7 f1h3 e7e5 h3f5 d7d6
154,b1a3 e7e6 d2d3 g7g6 h2h3 e8e7 h3h4 d7d5 g2g4 g6g5 f2f4 a7a6
155,a2a4 b7b6 g1h3 c7c5 c2c3 f7f6 h3g5 h7h6 g5f7 b8a6 f7d8 b6b5
156,g1f3 b7b5 f3g5 e7e6 b2b4 d8g5 c1a3 g5e7 a3b2 d7d5 a2a3 g7g6
157,a2a3 c7c5 d2d3 a7a5 g2g3 h7h6 e2e3 h8h7 h2h4 g8f6 c2c4 h7h8
158,e2e3 a7a5 a2a4 c7c5 e1e2 d7d5 d1e1 b8c6 g1h3 c8g4 f2f3 d5d4
159,a2a4 b7b6 g1h3 c7c5 b2b3 c8b7 h3g5 g8h6 g5f7 b8c6 a4a5 h6f7
160,e2e3 g7g6 d1g4 f7f6 g4d1 f8h6 f2f3 e8f7 e1e2 e7e5 d1e1 a7a6
161,e2e3 g7g6 g1h3 e7e5 f2f3 f8h6 g2g3 f7f6 f1g2 e5e4 h1g1 b7b6
162,h2h4 h7h6 g2g4 b8a6 f2f4 h8h7 c2c4 a8b8 b2b4 c7c5 h4h5 b7b6
163,e2e3 g7g6 g1h3 b7b6 d2d4 d7d5 e1d2 a7a6 b2b3 e7e5 d4e5 c8h3
164,e2e3 a7a5 e1e2 a5a4 f2f3 b7b6 c2c3 h7h5 g1h3 e7e5 e3e4 h8h7
165,g1h3 c7c5 g2g3 b7b6 d2d4 f7f6 b2b4 d7d5 e2e4 e8d7 e4d5 c5b4
166,c2c3 a7a5 f2f3 b7b5 h2h3 c8a6 c3c4 b5c4 e1f2 a5a4 h3h4 e7e5
167,g1h3 g7g6 c2c3 d7d5 f2f4 g8h6 d2d4 c8h3 e1d2 a7a5 g2h3 f8g7
168,e2e3 b8a6 e1e2 e7e5 e2e1 d7d6 g2g3 g7g5 f2f3 h7h5 f1c4 g8h6
169,e2e3 d7d5 g1h3 b7b6 a2a4 h7h5 d2d4 f7f6 e3e4 h5h4 e4d5 e8d7
170,e2e3 e7e5 h2h3 e8e7 f2f4 f7f6 e3e4 h7h5 f4f5 d7d5 e1f2 g7g5
171,a2a3 g8f6 d2d3 d7d5 g2g3 h7h6 f2f3 d5d4 e1f2 g7g6 b2b3 b7b6
172,a2a4 d7d6 e2e3 a7a6 a4a5 g7g6 g1h3 e7e5 b2b3 f7f6 f2f3 f8h6
173,e2e3 a7a5 f1e2 a5a4 d2d3 f7f6 h2h4 e7e5 g2g4 e8e7 a2a3 e5e4
174,a2a3 c7c5 a3a4 a7a5 c2c3 h7h6 f2f3 f7f5 d1c2 d7d5 d2d3 h8h7
175,e2e3 a7a5 g1h3 e7e6 e3e4 f7f6 g2g3 a5a4 f1b5 e6e5 h1f1 b7b6
176,c2c4 e7e6 g2g3 g8h6 g1h3 g7g5 e2e3 a7a5 a2a4 f8e7 f2f3 c7c6
177,a2a4 d7d6 f2f3 b8a6 e2e3 h7h5 b1a3 g7g5 e3e4 b7b5 a4b5 a6b8
178,e2e3 e7e5 g2g3 g7g6 e3e4 f7f6 f2f3 d7d5 e1f2 a7a6 e4d5 c7c6
179,e2e3 e7e5 b2b4 f8c5 g2g4 g7g6 b4c5 f7f5 g1h3 g8f6 c2c3 f6g4
180,e2e3 a7a5 a2a3 a5a4 f2f3 e7e6 g2g3 c7c5 b2b3 f7f6 e1e2 a4b3
181,e2e3 g7g6 g1h3 e7e5 e1e2 a7a6 b1a3 f8a3 c2c3 d7d5 a1b1 c8h3
182,b2b3 c7c6 e2e4 d7d6 g1e2 b8d7 d2d3 h7h5 e1d2 h5h4 h2h3 g8f6
183,e2e3 d7d5 f2f4 h7h5 a2a3 b7b6 g1e2 g7g5 e3e4 d8d7 e2c3 f8g7
184,e2e3 e7e5 g1e2 f7f5 e3e4 d7d6 e2c3 d8f6 g2g3 f5f4 h1g1 c7c5
185,e2e3 d7d5 a2a4 h7h5 e1e2 b8a6 e3e4 d5d4 g2g4 c8g4 g1f3 g4f3
186,g1h3 c7c5 g2g3 h7h5 d2d4 f7f5 c1f4 g7g5 c2c3 g5f4 a2a4 c5d4
187,e2e3 g7g6 g1h3 g8h6 a2a3 b8c6 a3a4 h6f5 f1b5 f5g7 a4a5 f7f5
188,e2e3 f7f5 d1e2 e7e5 g2g3 f5f4 e2g4 f8e7 a2a3 e7d6 e1e2 g7g6
189,g1h3 c7c5 d2d4 g8f6 h3g1 b8c6 c2c3 a8b8 a2a4 e7e6 f2f3 f8e7
190,e2e3 a7a5 a2a3 a5a4 f2f3 b7b5 g2g3 g8h6 d2d4 d7d5 h2h4 g7g6
191,e2e3 g7g6 g1h3 g8h6 a2a4 a7a5 e1e2 h8g8 b1c3 g6g5 c3e4 d7d5
192,e2e3 a7a6 g2g3 e7e5 b1c3 f7f6 g1h3 h7h6 d1h5 e8e7 e1e2 e5e4
193,e2e3 g7g5 f2f4 h7h5 d1f3 h5h4 f4f5 b8c6 g2g3 c6d4 f1c4 d4f5
194,e2e3 d7d5 g1h3 h7h5 d1h5 c8d7 f1a6 h8h5 a6b7 h5h8 g2g3 c7c6
195,a2a4 f7f5 a4a5 g7g5 b1c3 d7d6 d2d3 h7h5 c3d5 f5f4 d5b6 e7e6
196,h2h3 b8c6 f2f4 g7g5 e2e3 d7d6 g2g3 h7h5 a2a3 c6b4 f4g5 e8d7
197,a2a3 b8c6 a3a4 a8b8 e2e3 f7f6 h2h3 c6b4 c2c3 c7c5 a4a5 a7a6
198,e2e3 g7g6 g1h3 g8h6 g2g4 e7e5 e1e2 f8d6 f2f3 d8f6 b1c3 a7a6
199,g2g3 b7b6 g3g4 d7d6 c2c3 e7e5 f2f3 g7g6 a2a3 b6b5 d2d3 g6g5
200,e2e3 a7a5 a2a3 a5a4 f2f3 e7e5 h2h3 f8b4 c2c3 e8e7 e3e4 f7f6
201,e2e3 a7a6 g2g3 g8f6 f2f4 e7e5 g1f3 b7b6 f1g2 d7d6 f4e5 a6a5
202,e2e3 e7e6 d2d3 f7f5 g2g4 c7c5 g4g5 a7a5 g1f3 d8f6 g5f6 g7g5
203,d2d3 b7b6 c2c3 e7e6 a2a4 f7f6 a4a5 d7d6 b1a3 e6e5 e2e3 d6d5
204,a2a4 b7b6 e2e4 f7f6 b2b4 e7e5 b4b5 c7c6 d1g4 f6f5 g4d1 d7d6
205,b2b3 c7c6 e2e3 g7g6 d2d4 h7h5 f2f3 g6g5 e1d2 f7f5 h2h4 b7b6
206,e2e3 d7d5 f2f4 h7h5 e3e4 h5h4 e4d5 h8h7 d2d3 a7a5 g1h3 d8d5
207,c2c4 a7a6 h2h3 e7e5 g2g4 b7b6 f2f3 f7f6 d2d4 b8c6 h1h2 e8e7
208,b2b3 c7c6 e2e3 b7b6 g1e2 g7g5 f2f4 h7h5 e1f2 d7d5 e3e4 e7e5
209,e2e3 g8h6 f2f4 a7a5 h2h4 h6g8 e1e2 a5a4 b1c3 b7b6 b2b3 h7h5
210,e2e3 d7d5 f2f4 a7a5 d2d3 a8a6 b1a3 h7h5 e1d2 b7b6 f1e2 e7e5
211,a2a4 f7f6 b2b4 g7g5 h2h4 c7c5 b4c5 a7a5 a1a3 d7d6 h4g5 a8a7
212,e2e3 g7g6 b2b3 h7h5 f2f3 d7d5 b1a3 b7b6 g2g4 h5g4 f3g4 f8g7
213,e2e3 g7g6 a2a4 e7e5 a4a5 d7d6 f2f3 e8e7 e3e4 a7a6 c2c4 f7f5
214,f2f3 h7h6 e2e4 e7e6 b2b3 c7c5 d2d4 f7f5 g1e2 d8h4 g2g3 b7b6
215,f2f4 g8f6 d2d3 f6e4 g1f3 b8c6 b1a3 h8g8 a1b1 e4c3 b2c3 c6d4
216,c2c3 a7a5 f2f3 b7b5 e2e4 h7h5 g1e2 a8a6 c3c4 h5h4 e4e5 d7d6
217,e2e3 d7d5 f2f4 h7h5 d2d3 c8g4 d1f3 g4f3 g2f3 b7b6 f4f5 c7c6
218,a2a4 b7b6 g1h3 e7e6 g2g3 f7f6 c2c4 d7d6 e2e3 h7h6 h3g5 d8d7
219,e2e3 g7g6 a2a4 e7e5 f2f3 c7c6 c2c4 d7d5 c4d5 e8d7 e3e4 a7a6
220,a2a4 a7a5 f2f3 h7h6 g2g3 c7c5 c2c4 f7f5 d2d4 g7g6 g1h3 e7e6
221,e2e3 g7g6 f2f3 d7d5 b2b3 a7a6 b1c3 e7e5 g2g3 c7c5 d1e2 d8f6
222,a2a4 a7a5 h2h3 c7c5 g2g3 h7h6 c2c4 d7d5 a1a3 f7f6 h1h2 e8f7
223,b2b3 c7c6 a2a4 b7b6 g2g3 g8f6 d2d3 g7g5 e2e3 h7h5 c1d2 f6g8
224,e2e3 g8h6 h2h4 a7a5 f1e2 a8a6 f2f4 h6g8 g2g3 a5a4 b1c3 e7e5
225,h2h4 a7a5 g2g3 a5a4 g1h3 h7h6 d2d4 h6h5 d4d5 f7f5 c2c3 e8f7
226,e2e3 a7a6 g2g3 d7d6 d1e2 b8d7 e1d1 e7e5 h2h3 g7g6 f1g2 b7b6
227,f2f3 b7b5 c2c4 f7f5 b2b4 e7e5 b1c3 c7c6 g1h3 d8e7 e1f2 h7h6
228,a2a4 f7f6 b2b4 a7a5 f2f4 g7g5 b4a5 c7c5 a1a3 e8f7 h2h3 g5f4
229,e2e3 d7d5 h2h3 h7h5 f2f3 b7b6 e3e4 c8a6 f1a6 h5h4 g2g4 h4g3
230,a2a4 e7e6 e2e3 e8e7 a4a5 c7c6 f2f3 e6e5 e3e4 f7f6 g1h3 a7a6
231,g1h3 c7c5 g2g3 h7h5 d2d3 g7g6 h3g5 f8g7 a2a3 f7f6 f1g2 a7a5
232,e2e3 d7d5 e1e2 b7b6 a2a4 c7c5 b2b4 c5b4 c2c3 b8c6 e3e4 a8b8
233,h2h4 f7f6 a2a4 a7a5 c2c4 c7c6 d1c2 d8c7 c2h7 d7d6 h4h5 c8f5
234,h2h4 f7f6 e2e3 b7b5 f1b5 a7a5 c2c3 e7e6 g2g3 g8h6 b5c6 h6g4
235,a2a4 c7c5 c2c3 a7a5 f2f3 b8a6 a1a2 a6b4 e1f2 a8b8 g2g3 g8h6
236,e2e3 g7g6 f2f4 e7e5 f1a6 b7a6 f4f5 d7d6 g2g3 d8f6 a2a3 f6d8
237,a2a4 c7c6 b2b4 f7f6 b1c3 e7e5 h2h4 e5e4 h1h2 f8c5 a1b1 e4e3
238,e2e3 g8h6 h2h4 a7a5 f1e2 b7b5 a2a4 f7f6 g2g4 h6g4 a4b5 h7h6
239,a2a4 c7c5 a4a5 f7f6 f2f3 h7h6 f3f4 h8h7 b2b3 f6f5 e1f2 d7d5
240,e2e3 f7f5 g1e2 h7h6 g2g4 e8f7 g4f5 a7a5 e3e4 g8f6 h2h3 e7e5
241,h2h3 b8c6 h3h4 e7e5 g2g4 a7a6 c2c3 c6d4 c3d4 f7f6 f2f4 e5f4
242,a2a4 c7c5 c2c3 f7f5 a4a5 h7h6 f2f4 d7d5 d2d4 g7g5 e1f2 c5d4
243,e2e3 a7a5 b2b3 e7e6 a2a4 c7c5 d1h5 d7d5 g2g3 e6e5 g1e2 d5d4
244,e2e3 f7f5 f1e2 e7e5 g2g3 e5e4 f2f4 g8e7 h2h4 g7g6 b1c3 e7d5
245,e2e3 f7f5 f2f4 e7e5 e3e4 g8e7 g1e2 e8f7 e4f5 e5f4 e2g1 e7f5
246,e2e3 f7f5 g2g3 h7h5 d1h5 h8h5 f1h3 h5h4 f2f4 h4h3 e3e4 b7b5
247,e2e3 g7g6 a2a4 e7e5 f2f3 f8a3 a1a3 e5e4 c2c4 e4f3 f1e2 d8e7
248,a2a3 g8f6 a3a4 b8c6 b2b4 b7b6 f2f4 f6g4 c2c3 c6e5 f4e5 d7d6
249,e2e3 f7f5 b1c3 h7h5 g2g3 c7c5 d1h5 g7g6 h5g6
250,a2a4 b7b6 a4a5 c7c5 a5b6 a7b6 c2c4 f7f6 d1c2 a8a7 e2e3 a7a1
251,g2g3 h7h5 e2e3 f7f5 d1h5 h8h5 f2f4 c7c5 g1e2 b8c6 h2h4 c6b4
252,a2a4 c7c5 c2c3 f7f5 d2d3 c5c4 d3c4 e7e5 f2f3 e5e4 c1g5 d8g5
253,a2a3 g8f6 e2e4 d7d5 e4e5 d5d4 f2f3 g7g6 e5f6 d8d7 h2h4 e7e5
254,e2e3 f7f5 g2g3 h7h5 d2d3 g7g5 f2f4 e7e6 e3e4 g5f4 a2a3 f8a3
255,f2f4 b7b5 d2d4 f7f5 h2h4 a7a6 g1h3 c8b7 g2g4 e8f7 h1h2 f5g4
256,e2e3 g7g6 f1b5 g8h6 d1f3 e7e5 f3d1 b8c6 f2f3 h6g4 e3e4 g4e3
257,h2h4 f7f6 a2a4 a7a5 c2c4 c7c5 h4h5 a8a6 f2f4 d7d5 g2g3 c8g4
258,h2h4 d7d6 g2g4 h7h5 b2b3 c7c5 d2d4 a7a5 d1d2 g8f6 g1h3 b8d7
259,g1h3 e7e6 g2g3 b7b5 e2e4 f7f6 f2f4 b5b4 h1g1 b8a6 f1b5 e6e5
260,e2e3 h7h5 a2a3 g7g5 e3e4 a7a5 f2f3 a8a6 f1a6 c7c5 a6b5 h8h7
261,e2e3 a7a5 b2b3 c7c5 h2h3 e7e6 e3e4 f7f6 d1f3 a5a4 f3f5 a4a3
262,f2f4 a7a5 c2c4 a5a4 d1a4 g8f6 a4a8 e7e5 f4e5 d7d5 c4d5 f6g4
263,e2e3 g7g6 f1e2 b7b6 f2f4 g8f6 g1f3 e7e6 h2h4 e6e5 e1f1 e5f4
264,e2e3 g7g6 f1a6 b8c6 f2f3 b7b6 b2b3 c8a6 h2h4 h7h6 b3b4 a6d3
265,a2a4 g8h6 f2f3 g7g6 a4a5 h6g8 a1a2 d7d5 e2e4 a7a6 a2a4 d5d4
266,d2d3 e7e6 a2a4 a7a6 c2c3 f7f6 a4a5 d7d6 f2f3 h7h5 d1c2 b7b6
267,a2a4 f7f6 c2c3 b7b6 b2b4 e7e6 f2f3 a7a5 e1f2 a5b4 c1b2 a8a6
268,c2c3 h7h6 c3c4 g8f6 g1f3 f6e4 c4c5 e4f2 b1a3 h8g8 h2h3 f2d1
269,g1h3 c7c5 g2g3 b7b6 a2a4 h7h5 c2c3 g8h6 f1g2 a7a5 d2d4 d7d5
270,e2e3 a7a5 e1e2 a5a4 e2d3 a8a6 g1e2 e7e5 b1c3 f7f6 a1b1 f8a3
271,e2e3 f7f5 b2b4 a7a6 f2f3 c7c5 c2c3 e7e6 a2a3 h7h5 a3a4 e8f7
272,d2d4 e7e5 g2g3 b7b6 d4e5 f7f6 a2a3 c7c6 e5e6 f8d6 e2e3 d8c7
273,e2e3 d7d5 e1e2 e7e5 e3e4 a7a6 e4d5 b8d7 a2a4 c7c5 f2f3 e5e4
274,c2c3 e7e6 c3c4 f7f5 a2a3 d7d6 e2e3 b8a6 f2f4 e6e5 g2g3 d6d5
275,h2h4 a7a5 c2c4 b7b5 h1h3 d7d6 a2a4 a8a6 c4b5 c8b7 a1a2 g7g6
276,e2e3 g7g6 a2a4 d7d5 g1f3 a7a6 b2b3 e7e5 a4a5 h7h5 f1a6 b7a6
277,e2e3 f7f5 g1e2 e7e5 b1c3 f5f4 g2g3 g7g6 e3e4 f8c5 a2a4 e8f7
278,e2e3 a7a5 e3e4 b7b6 a2a3 a5a4 f2f3 c7c5 c2c3 h7h5 e1e2 g7g5
279,f2f4 a7a5 e2e4 g8h6 d2d3 h8g8 h2h4 c7c5 g2g4 a5a4 e1e2 h6g4
280,h2h4 h7h5 f2f3 h8h7 b2b3 f7f5 e1f2 e8f7 d2d4 e7e5 d4d5 f8c5
281,a2a3 c7c5 b1c3 a7a5 a3a4 a8a6 c3d5 f7f6 g2g3 e8f7 f2f4 f7g6
282,a2a4 e7e6 g1h3 f8e7 a4a5 c7c6 g2g4 h7h5 g4h5 d7d5 a5a6 g7g6
283,g1h3 c7c5 d2d4 h7h5 h3g5 b7b6 b1a3 c8a6 g5f3 c5c4 c1h6 h8h6
284,e2e3 a7a5 d2d3 e7e6 e3e4 f7f6 e1d2 c7c5 a2a3 f8d6 f1e2 g8h6
285,e2e3 e7e5 b1c3 g8e7 g2g4 g7g6 d1e2 b7b6 a2a4 f7f6 c3d5 e7d5
286,d2d3 b8c6 b1a3 g7g6 f2f3 f7f6 c2c3 e8f7 g2g4 c6d4 e2e4 c7c5
287,g1h3 c7c5 h3g1 f7f5 g1f3 g7g5 c2c4 h7h5 g2g4 b8c6 g4f5 f8g7
288,c2c4 f7f5 b1a3 c7c5 a1b1 g7g5 f2f3 e8f7 d2d4 a7a5 b1a1 h7h5
289,a2a3 c7c6 d2d3 d7d6 b2b4 a7a5 a3a4 a5b4 c2c4 e8d7 c1d2 f7f6
290,e2e3 c7c5 f2f3 h7h5 b2b3 b7b5 h2h4 h8h7 a2a3 b8a6 g2g3 a6b4
291,e2e3 g7g6 g1e2 b8c6 e3e4 e7e6 e2c3 g8h6 c3b5 e6e5 f2f3 h6g8
292,e2e4 g7g6 b2b3 d7d5 f2f3 a7a6 c1b2 d5e4 f3e4 e7e5 a2a4 h7h5
293,e2e3 f7f5 h2h3 e7e5 g2g3 d7d5 c2c3 e8e7 d1a4 g8f6 f1b5 f6d7
294,h2h4 h7h5 h1h3 b8a6 d2d4 e7e5 d4e5 b7b5 e2e3 d7d5 e5d6 a8b8
295,f2f4 a7a5 c2c4 b7b5 g2g4 d7d6 a2a4 b5a4 g1f3 f7f6 d2d4 a8a6
296,e2e3 f7f5 g1e2 f5f4 h1g1 e7e5 e3e4 e8f7 d2d4 f4f3 b2b3 a7a5
297,h2h4 f7f6 a2a4 b7b6 b2b4 a7a5 b1c3 d7d6 b4b5 f6f5 f2f4 g7g5
298,a2a3 b8c6 a3a4 g8h6 c2c4 h6g4 g1h3 a7a5 h1g1 g4f6 f2f3 g7g6
299,e2e3 e7e5 a2a3 g7g6 f2f3 f7f6 f1a6 f6f5 c2c4 f8d6 b1c3 b8a6
300,e2e3 a7a5 b2b3 e7e6 f2f3 c7c5 a2a4 e8e7 a1a3 f7f6 c1b2 g7g6
301,a2a3 g8f6 e2e4 g7g6 e4e5 f6d5 f2f3 c7c6 a3a4 d5e3 d1e2 f7f5
302,b2b4 a7a5 b1a3 c7c5 a1b1 f7f6 h2h3 g7g5 e2e3 c5c4 d1h5
303,f2f4 e7e5 f4e5 e8e7 g1h3 f7f5 e5f6 e7f7 f6g7 a7a5 h1g1 f8g7
304,e2e3 b8c6 a2a4 e7e5 g2g4 g7g6 c2c4 c6d4 a4a5 g8f6 b1c3 f6g4
305,e2e3 a7a5 g1h3 c7c5 e1e2 a5a4 d2d4 f7f6 d4c5 e8f7 f2f4 d7d5
306,e2e3 a7a5 e3e4 b7b6 a2a3 g8h6 g1e2 d7d6 f2f3 c8g4 e2c3 g4f3
307,e2e3 a7a5 c2c4 c7c5 g1e2 e7e5 f2f3 g8h6 d1a4 e5e4 f3e4 e8e7
308,e2e3 a7a5 e3e4 c7c5 g1e2 e7e6 d2d4 g7g6 a2a4 c5d4 e2g1 d8f6
309,e2e3 a7a5 a2a4 c7c5 b2b4 c5b4 c1b2 h7h5 b2g7 h5h4 g2g3 a8a7
310,b2b4 c7c5 f2f4 b7b5 e1f2 f7f5 h2h4 b8a6 a2a3 c5b4 h1h3 g8h6
311,e2e3 a7a5 e3e4 g8h6 a2a3 c7c5 c2c4 h6g8 f2f3 h7h5 g1e2 e7e6
312,e2e3 a7a5 e1e2 a5a4 b2b3 d7d6 f2f4 b8c6 g2g3 c8g4 e2d3 c6b4
313,e2e3 g8h6 g1f3 a7a5 f3g1 d7d6 f2f3 h6g4 a2a4 b7b6 c2c4 a8a6
314,b1a3 e7e6 g1f3 b8c6 d2d3 a8b8 d1d2 f7f5 h1g1 h7h5 a3c4 g7g5
315,e2e3 a7a5 b1c3 g8h6 g2g3 g7g5 f1a6 b7b5 e1e2 b5b4 h2h3 c8a6
316,a2a4 f7f6 h2h4 e8f7 b2b4 a7a5 c1b2 g7g6 b2c3 e7e6 h4h5 a8a7
317,b1a3 e7e6 a1b1 g7g6 b1a1 f8c5 d2d4 f7f6 h2h4 b8a6 d4c5 e6e5
318,e2e3 g7g6 f1c4 c7c6 f2f3 g8h6 e3e4 f7f5 e4e5 f5f4 h2h4 e7e6
319,b2b3 b8a6 f2f3 a6c5 e2e3 d7d6 d2d3 g7g6 g2g4 c5d3 f1d3 b7b5
320,e2e3 a7a5 g1h3 b8c6 a2a4 d7d6 b2b4 c6d4 c1b2 d4c2 d1c2 b7b5
321,e2e3 b8c6 a2a4 c6d4 a4a5 e7e5 e3d4 c7c6 d1h5 e5e4 g2g3 g7g6
322,e2e3 a7a5 e3e4 c7c5 f2f4 g8h6 d2d3 c5c4 g2g3 g7g6 b1d2 h8g8
323,a2a4 e7e6 g1h3 f7f5 a4a5 b8c6 d2d3 c6d4 b2b3 e6e5 e1d2 g8f6
324,f2f4 a7a5 c2c4 a5a4 d1a4 h7h5 a4a8 h8h7 d2d4 h5h4 b1d2 g7g6
325,a2a3 g8f6 e2e4 b8a6 e4e5 a8b8 f1a6 f6e4 b2b3 b7a6 d2d3 g7g6
326,e2e3 g7g6 a2a4 b7b6 f2f3 d7d5 e3e4 d5e4 f1c4 c7c5 c2c3 a7a6
327,e2e3 a7a5 b1c3 c7c5 c3d5 a5a4 e3e4 a4a3 g1e2 d7d6 f2f4 b8d7
328,f2f3 b8c6 e2e3 g8h6 b2b3 g7g6 h2h4 h8g8 h1h3 f7f6 a2a4 f6f5
329,e2e3 a7a5 d1e2 e7e6 e3e4 f7f6 e1d1 c7c5 g2g4 f8e7 d2d4 g7g6
330,e2e3 g7g6 f2f4 e7e5 f4f5 b8c6 c2c3 h7h6 g1f3 g6g5 f1c4 f8g7
331,e2e3 a7a5 e1e2 a5a4 g1h3 c7c5 h1g1 e7e6 f2f3 d8e7 c2c3 b8c6
332,e2e3 a7a5 e1e2 a5a4 b1c3 c7c6 b2b3 d7d6 g2g3 f7f6 f1h3 e7e5
333,e2e3 g7g6 b2b4 g8h6 f1a6 b7b6 f2f3 e7e5 c2c4 h6g4 a6c8 a7a5
334,e2e3 a7a5 f1b5 c7c6 e1f1 a5a4 c2c3 f7f6 f2f3 d8a5 h2h4 a5b5
335,e2e3 a7a5 b2b3 c7c5 f2f3 e7e6 b1a3 f7f5 g2g3 f5f4 e3e4 g8h6
336,e2e3 a7a5 d2d3 c7c6 g2g3 h7h5 d1e2 f7f5 a2a4 g7g5 e3e4 f5e4
337,e2e3 a7a5 e3e4 b7b6 a2a3 c7c6 g1e2 h7h5 d2d3 a5a4 d1d2 c6c5
338,e2e3 h7h6 e3e4 b7b6 g1e2 a7a5 d2d3 g7g5 c1d2 a5a4 e2d4 h8h7
339,e2e3 a7a5 a2a4 c7c5 d2d4 e7e5 g2g3 e5d4 e3d4 c5d4 c2c4 d4c3
340,a2a4 c7c6 c2c3 f7f6 h2h4 c6c5 f2f3 h7h5 d2d3 a7a5 b2b3 e8f7
341,e2e3 g7g5 f2f3 d7d5 b2b3 b8d7 b1a3 b7b6 g1h3 h7h6 h3g1 e7e5
342,e2e3 g7g6 h2h3 g8h6 h1h2 f7f5 b2b4 h8g8 h3h4 f8g7 d2d3 c7c6
343,a2a4 e7e6 g1h3 h7h6 f2f4 g7g6 a4a5 c7c6 f4f5 f8b4 c2c3 d8e7
344,e2e3 a7a5 b2b3 c7c5 f2f3 e7e6 b1a3 g8e7 h2h4 f7f6 g2g4 e8f7
345,e2e3 a7a5 g2g3 a5a4 g1h3 d7d6 d2d3 h7h5 d1e2 c8g4 b1a3 g4e2
346,e2e3 g7g6 f2f3 c7c6 b2b3 g8h6 e3e4 e7e6 f1a6 f8c5 b1a3 d8b6
347,e2e3 g7g6 b2b4 e7e5 f2f3 f8c5 b4b5 g6g5 h2h4 g5g4 g1h3 g4h3
348,a2a4 f7f6 h2h4 e7e5 c2c4 d7d6 a1a3 b8a6 c4c5 a6c5 h4h5 g7g6
349,a2a3 g8f6 e2e4 g7g6 b2b3 c7c6 d1h5 g6h5 g2g3 f8h6 d2d3 b8a6
350,g1h3 c7c5 h3g1 f7f5 h2h4 g7g5 h1h2 g5h4 e2e3 b7b5 f1c4 f8h6
351,g1h3 c7c5 h3g1 h7h6 f2f4 f7f5 h2h4 c5c4 g2g3 b8a6 e1f2 a8b8
352,e2e3 a7a5 e1e2 a5a4 g2g3 f7f6 h2h3 e7e5 c2c3 b8a6 g1f3 f8b4
353,a2a4 d7d6 f2f3 b7b6 a4a5 g7g6 d2d3 e8d7 b1a3 h7h5 c1f4 d6d5
354,e2e3 g7g6 f2f3 b7b5 h2h3 e7e6 c2c4 d8e7 a2a4 b5a4 a1a2 h7h6
355,g1h3 h7h5 b2b4 g7g6 e2e3 d7d5 g2g4 c8f5 e3e4 f5g4 d2d4 a7a6
356,e2e3 d7d5 f2f4 e7e5 c2c3 a7a6 d2d3 f7f6 g1f3 b8d7 f4e5 f8c5
357,f2f3 f7f5 b2b3 e7e5 e2e4 f5e4 f1c4 e4f3 g1f3 f8d6 f3g1 g7g6
358,f2f4 a7a5 g1h3 d7d6 c2c3 c8g4 d2d3 a8a7 g2g3 g4h3 f1h3 g8h6
359,e2e3 g8h6 a2a4 a7a5 g1h3 a8a7 f2f3 e7e6 e1e2 c7c5 g2g4 h8g8
360,e2e3 a7a5 a2a4 d7d5 d2d4 e8d7 c1d2 h7h6 d1g4 f7f5 g4g6 h8h7
361,c2c4 f7f6 h2h3 f6f5 h1h2 g8h6 d2d4 e8f7 a2a4 d7d6 b2b4 h8g8
362,e2e3 h7h5 a2a4 h5h4 b2b3 h8h7 a4a5 e7e5 f2f3 c7c6 a5a6 e8e7
363,e2e3 a7a5 e1e2 a5a4 g1h3 e7e5 f2f4 f8a3 c2c3 a3b2 f4e5 b2a1
364,f2f4 a7a5 e1f2 a5a4 c2c3 h7h6 f4f5 a8a5 g1f3 c7c5 e2e4 h8h7
365,f2f4 h7h6 b2b3 h8h7 e2e4 c7c6 d2d3 f7f5 e1f2 d8b6 d3d4 e8f7
366,b1c3 d7d5 a2a4 g7g6 h2h4 a7a5 c3a2 h7h6 b2b4 d5d4 h1h2 c7c5
367,a2a4 h7h5 b2b4 c7c5 f2f3 h8h6 g1h3 a7a6 c2c4 g7g6 a1a3 c5b4
368,e2e3 g7g6 d1h5 b7b6 f2f3 g6h5 g2g3 b8c6 b2b4 f8g7 b1a3 c6d4
369,a2a3 c7c5 f2f4 c5c4 g2g3 h7h6 e2e4 g8f6 c2c3 d7d5 e4e5 a7a6
370,e2e3 g7g6 g2g3 b8c6 f2f3 g8h6 f1g2 f7f5 g1e2 c6d4 e3e4 f5e4
371,e2e3 g7g6 b2b4 e7e5 a2a3 e5e4 e1e2 g8e7 c1b2 h8g8 b1c3 f7f5
372,e2e3 g7g6 g1e2 b8c6 e3e4 g6g5 b2b3 g8h6 d2d3 h6g4 f2f4 g4e3
373,e2e3 a7a5 d1e2 g8h6 e1d1 a5a4 g2g4 b8c6 b2b4 h6g4 b4b5 h7h5
374,f2f4 a7a5 g1h3 e7e6 c2c4 b7b5 h1g1 b5b4 f4f5 b8a6 f5e6 d8e7
375,e2e3 g8h6 f2f3 g7g6 e3e4 f8g7 a2a4 c7c6 a1a3 f7f6 d2d3 c6c5
376,f2f4 a7a5 c2c4 a5a4 d1a4 a8a4 g1f3 a4c4 d2d3 b7b5 e1f2 c4c6
377,e2e3 g7g6 f2f3 f8g7 b2b3 b7b6 b1a3 d7d6 e1e2 h7h5 a3b1 g7e5
378,e2e3 e7e5 f2f3 d7d5 b2b3 a7a6 h2h3 c8h3 f1a6 b8a6 g2h3 d8b8
379,e2e3 g7g6 f2f3 a7a5 c2c3 g8h6 f1b5 c7c6 d2d3 g6g5 h2h4 g5h4
380,e2e3 g7g6 a2a4 e7e5 a4a5 d7d5 e3e4 a7a6 f1c4 d5c4 f2f3 e8e7
381,e2e3 g7g6 d1g4 e7e6 b2b3 f8c5 a2a4 g6g5 a4a5 h7h5 g4h5 h8h5
382,e2e3 g7g6 g1f3 g6g5 g2g4 f7f5 h1g1 h7h5 g4h5 c7c6 a2a3 d7d6
383,e2e3 a7a5 e1e2 a5a4 f2f4 d7d6 g1f3 b8a6 e3e4 a8a7 d2d4 d8d7
384,e2e3 a7a5 b2b3 a5a4 e3e4 a4b3 c2b3 c7c5 f2f3 h7h5 e4e5 g7g5
385,e2e3 g7g6 a2a4 b7b6 c2c4 b8a6 d2d3 d7d6 b1d2 e7e5 f2f3 a6b8
386,e2e3 a7a5 b2b3 a5a4 c2c3 g8h6 f2f3 c7c5 h2h3 g7g6 e3e4 a4b3
387,e2e3 g7g6 f2f3 b7b5 g1h3 d7d6 c2c3 b5b4 e1e2 h7h6 e3e4 e7e5
388,e2e3 a7a5 e3e4 c7c5 g1e2 c5c4 f2f3 h7h5 e2d4 g8f6 d4b5 f6g8
389,a2a4 h7h5 b2b4 a7a5 g1h3 c7c5 b4c5 h8h6 e2e4 f7f5 h3g5 h5h4
390,e2e3 a7a5 b2b3 e7e6 e3e4 f7f6 f1c4 f8c5 g2g3 b7b5 f2f3 b5c4
391,e2e3 a7a5 e1e2 g8h6 g2g4 h8g8 d2d4 g7g6 a2a3 d7d5 h2h4 f8g7
392,e2e3 a7a5 e1e2 a5a4 c2c3 g8f6 g2g3 f6g4 h2h4 h7h5 d1e1 d7d5
393,e2e3 a7a5 e3e4 b7b6 c2c3 a8a7 f1b5 c8b7 f2f3 c7c5 b5d7 e8d7
394,a2a3 e7e6 e2e4 g7g6 g2g4 g8h6 d2d3 f7f6 b1c3 c7c6 e1e2 a7a5
395,a2a4 d7d6 c2c3 a7a5 g1h3 a8a7 c3c4 c8h3 f2f3 h3g2 f1g2 e7e6
396,e2e3 a7a5 b2b3 a5a4 c2c3 g8h6 f2f3 a4b3 a2b3 h8g8 e3e4 g7g6
397,e2e3 g8h6 d1e2 b8c6 a2a4 a7a5 h2h3 h6g8 f2f3 a8a6 g2g4 c6b4
398,e2e3 a7a5 b2b3 e7e6 a2a4 c7c5 g2g4 e8e7 d2d4 h7h5 d4c5 f7f6
399,a2a4 f7f6 b2b4 c7c5 f2f4 g7g5 b1c3 h7h6 e1f2 a7a5 b4c5 a8a6
400,e2e3 a7a5 e3e4 a5a4 d1g4 f7f6 e1d1 g8h6 g4e2 h8g8 b2b3 b8c6
401,e2e3 g7g6 f2f4 b8c6 e1e2 e7e5 a2a3 f8d6 a3a4 d6c5 a4a5 a7a6
402,e2e3 a7a5 e3e4 a5a4 d2d3 e7e5 b2b3 a4b3 c2b3 b8c6 f2f3 f7f6
403,e2e3 c7c6 g1e2 f7f6 e3e4 e7e6 d2d4 g8h6 e1d2 a7a5 f2f4 g7g6
404,e2e3 a7a5 g2g3 d7d6 a2a4 a8a6 f2f4 b7b6 c2c4 c8f5 h2h3 g8f6
405,e2e3 g7g6 f2f3 d7d5 g1e2 a7a5 b1a3 c7c6 b2b3 d5d4 e3d4 g8h6
406,g1f3 d7d6 b2b4 f7f6 f3e5 d6d5 f2f4 f6e5 a2a4 g7g6 e1f2 a7a6
407,e2e3 g7g6 f2f3 g8h6 e3e4 f8g7 b1c3 c7c6 g1e2 f7f6 c3d5 c6d5
408,b2b4 a7a5 b1a3 a5b4 a1b1 d7d6 b1b4 c7c6 f2f4 d8b6 d2d3 b6d8
409,e2e3 g7g6 b1a3 e7e5 f2f3 f8a3 a1b1 e8e7 d1e2 c7c5 b2a3 b8a6
410,f2f3 b8a6 b2b4 e7e5 g1h3 d7d6 c2c4 c8g4 b4b5 c7c6 b5c6 a6b8
411,e2e3 a7a5 b1c3 c7c5 c3b5 h7h5 b5c7 d8c7 b2b3 h5h4 f2f3 d7d5
412,a2a4 e7e6 g1h3 f8b4 a4a5 d7d6 g2g3 h7h5 c2c4 f7f5 b2b3 g8h6
413,h2h4 d7d6 e2e3 e7e5 f2f4 c8g4 f1e2 e5e4 h4h5 a7a5 e1f2 b7b6
414,e2e3 a7a5 e1e2 g8h6 h2h4 a5a4 g2g4 c7c5 f2f4 d7d6 f4f5 b8a6
415,e2e3 a7a5 e3e4 b8c6 g2g4 g8h6 a2a4 g7g6 f2f3 b7b5 a4b5 c6e5
416,a2a4 d7d6 a4a5 e7e5 f2f3 c7c6 d2d3 e8e7 c2c4 d6d5 c4d5 c6d5
417,e2e3 a7a5 b1c3 c7c5 a2a4 g8h6 e3e4 g7g6 f2f3 g6g5 g1e2 b8c6
418,e2e3 c7c6 b1a3 f7f6 h2h3 g8h6 b2b4 d8c7 f2f3 g7g6 b4b5 f8g7
419,e2e3 a7a5 e3e4 a8a6 f1a6 g7g6 g2g3 g8h6 h2h3 d7d5 b2b3 b8c6
420,a2a4 d7d6 g1h3 a7a6 h3g5 c8e6 c2c4 c7c6 h2h4 f7f6 h1h2 e6d7
421,b1a3 c7c6 a1b1 a7a5 b2b4 d7d6 g2g3 a5a4 h2h4 e7e6 e2e3 g7g5
422,a2a3 g8f6 a3a4 a7a6 a4a5 d7d5 a1a3 d5d4 c2c4 g7g6 g2g3 f6g4
423,c2c3 h7h6 c3c4 b8a6 h2h3 c7c5 f2f3 a6b4 e1f2 a8b8 d2d4 f7f5
424,e2e3 e7e6 b2b3 a7a5 a2a4 c7c5 d2d4 g8f6 d4c5 f8c5 g2g4 d8e7
425,e2e3 a7a5 g1f3 g8h6 f1e2 g7g5 a2a4 a8a6 g2g3 f7f6 h2h3 g5g4
426,a2a4 a7a5 c2c4 b7b5 h2h3 f7f5 h1h2 h7h6 a1a3 b5a4 a3a1 c7c5
427,g2g4 c7c5 e2e3 a7a5 h2h3 d8c7 e1e2 h7h5 d2d4 f7f5 d4c5 c7c5
428,e2e3 a7a5 e1e2 a5a4 c2c3 c7c6 g2g4 g8h6 h2h4 h6g4 f2f3 d7d6
429,b1a3 d7d5 g2g4 e7e6 d2d4 h7h6 c1e3 d8g5 e3g5 f7f6 e1d2 b7b5
430,a2a3 c7c5 a3a4 h7h5 a4a5 g8h6 f2f3 h8g8 b2b3 h6g4 d2d3 f7f5
431,a2a4 h7h6 a4a5 c7c5 e2e4 h6h5 f2f3 g7g5 e1e2 c5c4 e4e5 f7f5
432,a2a3 b8c6 d2d3 a8b8 c1e3 g8h6 c2c3 b7b6 e3b6 a7b6 d3d4 c6a7
433,c2c4 f7f5 a2a4 e7e5 a4a5 e8e7 e2e4 h7h6 e4f5 e5e4 d2d3 d7d5
434,e2e3 a7a5 d2d3 g7g6 f2f4 a8a6 c2c3 c7c6 e1e2 g8f6 e3e4 a6b6
435,e2e3 a7a5 a2a4 g8h6 f1a6 g7g5 h2h3 h8g8 g2g4 b8a6 c2c4 d7d5
436,e2e3 a7a5 b2b3 a5a4 f2f3 e7e6 e3e4 c7c5 b1a3 b7b5 e1e2 h7h5
437,a2a4 d7d6 g2g3 c7c5 d2d4 a7a6 c2c4 c8g4 f2f3 g4f3 e2f3 c5d4
438,e2e3 a7a5 b2b3 a5a4 e3e4 a8a6 d2d3 f7f6 g1e2 c7c5 e1d2 e7e5
439,b1a3 d7d6 b2b4 c7c6 d2d3 a7a5 b4b5 a5a4 f2f3 c8d7 e1d2 h7h5
440,e2e4 b8c6 b1a3 g8h6 f1d3 a7a5 d1f3 f7f5 e4e5 g7g5 a3c4 g5g4
441,e2e3 b8c6 a2a4 a7a5 g2g3 c6b4 d2d4 d7d6 g3g4 b4a6 e1d2 f7f6
442,a2a3 e7e6 e2e4 g7g6 d2d3 c7c6 b2b3 d7d6 g2g3 d8e7 d1f3 a7a6
443,g1h3 c7c5 d2d4 c5d4 g2g3 d7d6 h3g5 f7f6 g5e4 a7a5 d1d2 a5a4
444,e2e3 g7g6 b2b4 e7e5 e1e2 f8c5 f2f4 a7a6 d1e1 g6g5 f4e5 e8f8
445,a2a4 d7d6 c2c3 g7g5 e2e3 h7h5 h2h4 a7a5 f2f3 d8d7 f1c4 b8c6
446,b2b4 a7a5 b1a3 c7c5 d2d3 h7h5 a1b1 d7d6 h2h4 d8d7 h1h2 a5b4
447,a2a4 h7h6 e2e4 a7a5 b1c3 g7g6 g1f3 c7c6 c3e2 d8b6 b2b3 d7d6
448,e2e3 a7a5 d2d3 g8h6 d1d2 g7g6 h2h4 b7b5 f2f4 e7e5 h4h5 e5f4
449,e2e3 g7g6 f2f4 e7e6 b2b3 f8c5 b1a3 e6e5 e1e2 h7h5 d1e1 g6g5
450,e2e3 a7a5 e1e2 g8h6 g1h3 b7b5 f2f3 b5b4 c2c3 d7d5 a2a3 h6g4
451,e2e3 g7g6 b1a3 g8h6 f2f3 b8c6 e3e4 h8g8 d2d3 g6g5 h2h4 h6f5
452,e2e3 a7a5 b2b3 a5a4 f2f3 e7e6 f1a6 a8a6 b3a4 g7g5 g2g4 a6c6
453,e2e3 a7a5 a2a4 g7g5 g1h3 d7d6 f2f3 a8a6 e1e2 c7c5 g2g3 h7h6
454,b1a3 g8f6 e2e3 c7c6 e1e2 e7e5 a1b1 f8e7 d2d3 e5e4 f2f4 b8a6
455,e2e3 a7a5 f2f3 e7e6 e3e4 a5a4 b2b3 f7f6 e1e2 c7c5 c2c3 a4b3
456,e2e3 a7a5 e3e4 b7b6 g1e2 b8a6 c2c4 a6b4 d2d3 g7g5 f2f3 d7d6
457,e2e3 g7g6 b1a3 b7b6 f2f3 g8h6 d2d3 h8g8 h2h4 f8g7 f3f4 a7a6
458,e2e3 a7a5 d2d4 g7g5 a2a3 h7h5 e3e4 f7f5 c1g5 c7c6 g1f3 d7d6
459,e2e3 a7a5 e1e2 g8h6 f2f4 b7b5 b2b3 h6f5 b1c3 c8b7 g1f3 b8c6
460,e2e3 f7f5 b2b4 a7a5 a2a4 e8f7 d2d3 e7e5 b4b5 c7c5 c1a3 a8a7
461,e2e3 g7g6 f2f3 b7b5 e3e4 g6g5 b2b3 g5g4 e4e5 f7f6 e5f6 g8f6
462,e2e3 g7g6 f2f4 e7e5 e1e2 a7a6 b1c3 b7b6 h2h4 e5f4 g2g3 f4e3
463,e2e3 a7a5 g1h3 e7e6 a2a4 b7b6 e1e2 c8b7 c2c3 d7d6 d2d3 a8a6
464,e2e3 a7a5 a2a4 g7g5 h2h3 e7e6 c2c4 a8a7 e3e4 c7c5 d2d4 h7h6
465,g2g4 a7a6 h2h3 e7e5 c2c3 f7f6 b2b3 d7d5 f2f4 f6f5 d2d3 b7b6
466,c2c4 f7f5 e2e4 f5e4 f2f4 e4f3 g1f3 h7h6 f1d3 e7e5 d1e2 e5e4
467,a2a3 c7c6 d2d3 f7f6 a1a2 c6c5 b2b4 c5c4 a3a4 e7e5 g2g3 d7d6
468,e2e3 a7a5 e1e2 g8h6 f2f3 b7b5 f3f4 d7d5 b2b3 f7f5 b1c3 c7c6
469,e2e3 a7a5 f1d3 g8h6 d3b5 c7c6 b5e2 g7g5 h2h3 c6c5 g2g4 f7f5
470,e2e3 a7a5 d2d3 e7e6 e3e4 f7f6 d3d4 b7b6 a2a3 c7c5 d4d5 e6d5
471,e2e3 a7a5 b1c3 c7c5 a2a4 a8a6 b2b4 h7h5 c3b5 d8c7 f1e2 c7b6
472,a2a4 f7f6 b2b4 a7a5 f2f4 g7g5 f4f5 b7b6 c1b2 h7h5 b4b5 c8b7
473,h2h4 e7e6 f2f4 a7a5 c2c4 a5a4 g2g3 f8e7 f1g2 c7c6 h1h3 d7d6
474,b2b3 c7c6 e2e4 b8a6 g1e2 a6c7 d2d3 b7b5 f2f3 h7h6 g2g3 h8h7
475,e2e3 g7g6 f2f3 g8h6 b2b4 a7a5 b4b5 g6g5 a2a4 f7f6 g2g4 h8g8
476,e2e3 a7a5 f1b5 a5a4 b5c4 a8a7 g2g3 d7d6 e1e2 g8h6 f2f3 e8d7
477,a2a3 g8f6 e2e4 b8a6 d2d4 d7d5 f2f3 d5e4 e1e2 e4f3 g2f3 g7g6
478,e2e3 a7a5 g2g4 h7h6 e1e2 c7c5 e2f3 d7d5 d1e1 c8e6 b1c3 e6d7
479,e2e3 a7a5 f1b5 g8h6 g2g3 b8a6 h2h3 g7g6 b1a3 c7c6 b5a6 d7d5
480,e2e3 a7a5 e3e4 b7b6 d2d3 d7d6 f2f4 f7f6 c2c3 a8a6 d1h5 g7g6
481,a2a4 f7f6 b2b4 a7a5 f2f4 e7e6 h2h3 b7b6 b1a3 a5b4 a3b5 d7d6
482,e2e3 g7g6 f2f3 g8h6 b1c3 b8c6 e1e2 h6f5 h2h4 e7e5 g2g4 f5g3
483,b1a3 d7d5 g1f3 b7b5 c2c3 f7f5 a3b5 g8h6 d2d4 h6g8 d1d3 a7a5
484,a2a4 e7e6 g1h3 d7d6 e2e3 e6e5 f2f3 a7a6 c2c4 d6d5 c4d5 c8d7
485,a2a4 a7a5 b1c3 h7h6 c3d5 h8h7 b2b4 b8c6 h2h3 f7f5 c1a3 c6b4
486,g1h3 c7c5 d2d4 h7h5 e1d2 a7a5 f2f4 f7f5 d4c5 b7b5 c2c4 e8f7
487,b1a3 e7e6 g1h3 g8e7 d2d3 f7f6 h3g1 d7d6 a3b5 e7g8 g2g4 b7b6
488,h2h4 h7h5 e2e4 e7e5 f1c4 c7c5 g2g3 a7a6 d1e2 g7g6 a2a3 d7d6
489,h2h4 e7e6 g2g4 h7h5 f2f4 e6e5 d2d3 a7a5 c2c4 f7f5 d1b3 b8a6
490,a2a4 a7a5 g2g4 g7g6 h2h3 c7c5 d2d4 d7d5 d1d2 h7h5 b1a3 d8d7
491,e2e4 b8c6 g2g4 g8h6 a2a4 h6g4 a4a5 c6b4 b1c3 b4c2 d1c2 e7e5
492,a2a4 a7a5 e2e3 d7d5 b2b3 a8a7 g2g4 d5d4 e3d4 h7h6 d2d3 c7c5
493,b1a3 d7d5 e2e4 a7a6 f2f3 g7g6 b2b3 c7c5 d2d4 c5d4 a1b1 d5e4
494,g2g4 g8f6 d2d3 a7a5 e2e4 a8a6 h2h3 f6g4 h3g4 d7d6 d1e2 b7b6
495,e2e3 a7a5 a2a4 a8a7 b1c3 d7d6 e1e2 c8d7 g2g3 h7h5 f2f3 d6d5
496,e2e3 b8c6 f2f3 g7g6 e1e2 g8h6 g1h3 f8g7 a2a4 g7b2 c1b2 c6b8
497,h2h4 d7d6 h4h5 b7b6 c2c3 a7a5 b2b3 c8f5 g2g4 f5g4 f2f3 g4e6
498,e2e3 a7a5 g2g4 a5a4 e3e4 f7f6 d2d4 e7e5 g4g5 e5d4 e1e2 d8e7
499,a2a4 h7h5 e2e3 h5h4 e1e2 c7c5 a4a5 f7f5 e3e4 g8h6 g2g3 f5e4
500,e2e3 a7a5 f1b5 c7c6 b5f1 g8h6 d2d4 g7g5 a2a3 b7b6 e1d2 f7f5
501,e2e3 a7a5 b2b3 a5a4 f2f3 g8h6 h2h4 a4a3 d2d4 g7g6 f1a6 h6g4
502,a2a4 d7d6 e2e3 a7a6 f2f3 d6d5 a4a5 h7h5 b2b3 e8d7 e3e4 d5d4
503,e2e3 g7g6 b2b3 b8c6 f2f3 b7b6 e3e4 g8h6 d2d4 f7f5 c2c3 h6g8
504,e2e3 g7g6 g1h3 b8c6 h1g1 g8h6 a2a4 h6f5 e1e2 a7a5 c2c3 e7e5
505,e2e3 f7f5 b2b4 a7a5 b4a5 a8a5 g2g3 h7h6 d1h5 g7g6 h5g6
506,h2h3 a7a5 a2a4 b8c6 g2g4 e7e5 d2d3 e8e7 c1d2 c6b4 d3d4 g8h6
507,b2b3 c7c6 e2e3 f7f6 f2f3 e8f7 b1a3 h7h5 a3c4 d7d5 c4d6 d8d6
508,a2a4 g7g6 a4a5 h7h5 f2f3 d7d5 g2g4 e7e5 c2c3 d8h4
509,e2e3 g7g5 f2f4 a7a5 h2h3 g5f4 g2g3 d7d6 c2c4 a5a4 a2a3 c7c6
510,e2e3 g7g6 g1h3 c7c5 b2b4 e7e6 h3f4 a7a6 d2d4 b7b6 g2g3 a6a5
511,f2f3 b8c6 e2e3 f7f5 g2g3 f5f4 a2a4 b7b6 b2b4 c6e5 b1a3 h7h5
512,e2e3 a7a5 b2b3 a5a4 f2f3 e7e6 c2c4 c7c5 g1e2 f7f6 e1f2 b7b6
513,a2a4 f7f6 a4a5 g8h6 c2c3 d7d6 d2d3 e8d7 c1h6 c7c6 a5a6 b8a6
514,e2e3 g7g6 g1h3 b7b6 a2a4 e7e5 f2f3 b8a6 a4a5 a6b4 b1a3 f7f5
515,e2e3 a7a5 e3e4 b8c6 f1b5 f7f6 f2f3 a8b8 e1e2 g8h6 b5c6 d7c6
516,e2e3 a7a5 b2b3 a5a4 f2f3 e7e6 b1a3 a4b3 a2b3 b7b6 h2h3 e8e7
517,e2e3 g7g6 g1h3 e7e5 f2f3 a7a6 f1a6 b7a6 g2g3 b8c6 h3g1 c8b7
518,h2h4 h7h6 g2g4 e7e6 f2f4 f7f6 d2d4 a7a6 d1d2 g7g6 d4d5 e6d5
519,e2e3 a7a5 b2b3 a5a4 f2f3 e7e6 e3e4 a8a6 b1c3 g7g6 c3a4 b7b5
520,e2e3 e7e5 f2f3 a7a6 e3e4 f7f6 c2c3 e8f7 f1c4 d7d5 c4d5 f7e7
521,a2a4 b7b6 g1h3 b8a6 c2c4 e7e6 g2g4 f7f6 h1g1 h7h6 g1g3 g7g6
522,e2e3 a7a5 b1c3 e7e6 e3e4 a5a4 g2g3 h7h6 b2b3 c7c6 c3d5 h8h7
523,h2h4 b7b5 h4h5 d7d6 b2b4 g7g6 h5g6 e7e6 h1h7 a7a6 a2a4 h8h7
524,a2a4 c7c6 b2b3 f7f6 c1b2 c6c5 d2d3 e7e5 a1a2 e8f7 g2g3 a7a5
525,e2e3 f7f5 b2b4 e7e5 f2f3 e8f7 c2c3 g8e7 f1c4 f7g6 b4b5 d7d5
526,e2e3 a7a5 a2a4 g7g5 g1h3 b7b5 h1g1 f7f5 d1h5
527,e2e3 a7a5 e1e2 g8h6 h2h4 b7b5 b1a3 a5a4 f2f4 f7f6 c2c3 c7c6
528,g2g3 h7h5 e2e3 f7f5 a2a4 g7g5 h2h4 g5h4 a1a3 c7c5 a4a5 f8g7
529,e2e3 a7a5 f2f3 a5a4 e1e2 c7c6 c2c3 f7f6 h2h4 c6c5 d2d4 e8f7
530,e2e3 a7a5 e3e4 b8c6 d2d3 f7f6 a2a3 e7e5 c2c3 f8c5 c1e3 e8f8
531,e2e3 a7a5 e1e2 g8h6 g2g3 h8g8 f2f3 a5a4 h2h4 c7c5 c2c3 f7f6
532,e2e3 a7a5 a2a4 e7e5 b2b3 b7b6 c2c4 c8b7 c1b2 c7c5 h2h4 d8h4
533,e2e3 e7e5 f1e2 f7f6 b1c3 g7g6 h2h3 b8c6 a1b1 f8d6 c3d5 d6e7
534,d2d3 b7b6 b1a3 f7f6 b2b4 a7a6 d3d4 e7e5 a3b5 d7d6 f2f4 c8e6
535,e2e3 a7a5 a2a4 g7g5 g2g3 h7h5 e1e2 f7f5 h2h4 f8g7 f2f3 g5g4
536,a2a4 c7c6 b2b4 f7f6 e2e3 e7e5 d2d3 d7d6 g2g4 a7a6 d3d4 f6f5
537,h2h4 a7a6 c2c4 e7e6 a2a4 f7f6 f2f4 b7b6 f4f5 h7h6 d1b3 c8b7
538,h2h4 d7d6 g2g3 h7h5 a2a4 b7b6 e2e3 g7g5 b1c3 g8f6 h4g5 d8d7
539,g2g3 h7h5 e2e3 g7g6 f2f3 f7f5 b2b4 c7c6 b1a3 f5f4 g1h3 f4e3
540,h2h4 a7a6 g2g4 d7d6 c2c4 e7e5 f2f4 b7b5 g1h3 d8f6 f4e5 f6h4
541,e2e3 a7a5 d2d4 a5a4 g2g3 e7e5 g1h3 a8a6 f1a6 g8f6 h1f1 b8a6
542,e2e3 a7a5 e3e4 f7f6 f1b5 a5a4 d2d3 b8a6 f2f3 a4a3 c2c3 b7b6
543,a2a4 c7c6 g1h3 f7f6 b2b4 e7e5 g2g4 h7h6 b4b5 f8e7 c1b2 c6c5
544,e2e3 g7g6 h2h3 g8h6 g2g3 b8c6 f2f3 h8g8 e1e2 c6b8 a2a3 f8g7
545,a2a4 c7c6 g1h3 f7f6 g2g4 h7h6 a4a5 c6c5 g4g5 f6g5 b1c3 h6h5
546,e2e3 a7a5 e3e4 f7f6 d2d4 a5a4 c2c3 e7e5 d4e5 c7c6 a2a3 d7d6
547,a2a4 c7c6 b2b4 f7f6 d2d4 d7d6 e2e3 c8f5 g2g4 f5g4 e1d2 g4d1
548,e2e3 a7a5 b1a3 g8h6 g2g3 d7d6 f2f3 e8d7 d1e2 h8g8 b2b3 a5a4
549,e2e3 a7a5 g1h3 g8h6 a2a3 a5a4 g2g4 h6g4 h1g1 b8c6 f1b5 g4f2
550,e2e3 a7a5 d2d4 g7g6 a2a3 a5a4 e1e2 c7c6 g2g3 b7b6 d4d5 c6d5
551,h2h3 h7h5 e2e3 g7g5 f1e2 f7f5 f2f3 g5g4 b1a3 c7c5 a1b1 e8f7
552,e2e3 a7a5 e1e2 g8h6 h2h4 c7c5 f2f3 d7d5 c2c3 g7g6 a2a4 f8g7
553,a2a4 e7e6 g1h3 h7h6 g2g3 a7a6 a4a5 f7f6 d2d4 g7g6 d4d5 e6d5
554,b1a3 a7a5 d2d3 h7h6 h2h3 c7c6 d3d4 d7d6 g2g4 c8g4 h3g4 b7b5
555,b1a3 g8f6 d2d3 b7b5 e2e3 g7g5 c2c3 d7d5 a1b1 b8a6 a3b5 f6e4
556,b1a3 a7a5 f2f3 h7h5 e2e3 e7e6 g2g3 e8e7 f1b5 c7c6 e1e2 a5a4
557,b1a3 f7f6 e2e3 e7e5 f2f3 e8e7 a1b1 c7c6 b2b3 c6c5 h2h4 d7d5
558,e2e3 a7a5 e1e2 g8h6 h2h4 b7b5 f2f3 d7d5 h1h3 g7g6 c2c3 f8g7
559,a2a4 a7a5 c2c4 c7c5 h2h3 h7h6 f2f4 d7d5 a1a3 c8e6 d2d4 c5d4
560,f2f4 d7d6 f4f5 e7e5 c2c4 b7b6 e2e4 d8g5 e1f2 a7a6 f2e2 g5h5
561,b1a3 c7c5 d2d4 c5d4 c2c4 b7b5 e2e3 d7d6 h2h4 e8d7 e3d4 e7e5
562,a2a3 g8f6 a3a4 b7b5 a4b5 d7d5 e2e3 c8f5 g2g3 f5g4 f2f3 d5d4
563,e2e3 a7a5 f1b5 a5a4 g2g3 g8h6 d2d4 g7g6 h2h3 h6g4 d1f3 e7e5
564,b1a3 a7a5 f2f3 h7h5 g1h3 b8c6 d2d3 b7b5 c1g5 b5b4 g5d2 h8h7
565,b1a3 f7f6 f2f3 e8f7 b2b4 d7d5 b4b5 c7c5 f3f4 c5c4 e2e4 a7a6
566,e2e3 g7g6 f2f4 e7e5 h2h3 e5f4 e3f4 b8c6 e1e2 g6g5 f4g5 g8e7
567,a2a3 g8f6 e2e4 c7c6 f2f3 b8a6 a1a2 f6e4 f1a6 e4c5 c2c4 c5e4
568,e2e3 g7g6 f2f3 g8h6 b2b3 b8c6 e3e4 a7a5 d2d4 h6f5 d4d5 c6a7
569,a2a4 c7c6 e2e3 f7f6 h2h4 c6c5 a4a5 h7h5 h1h2 e8f7 c2c3 f6f5
570,b1a3 d7d5 g1f3 a7a6 d2d3 f7f6 b2b3 e7e5 a1b1 d5d4 f3e5 c7c5
571,c2c4 h7h5 d1b3 b8a6 c4c5 h8h7 b3d1 h5h4 d2d4 d7d6 f2f3 e7e6
572,a2a4 c7c6 b2b4 f7f6 a1a3 e7e6 a4a5 f8b4 h2h3 g8h6 e2e3 g7g5
573,f2f3 h7h5 e2e3 h5h4 b2b3 b8a6 a2a3 b7b5 b3b4 d7d5 g2g3 a6b4
574,e2e3 a7a5 f1b5 a5a4 e1e2 c7c6 c2c3 a8a7 e3e4 f7f6 g1h3 g8h6
575,a2a3 c7c6 g2g3 d8b6 e2e3 f7f6 h2h3 e8f7 d2d3 h7h6 b2b4 f6f5
576,b1a3 g8f6 e2e3 d7d5 f1b5 c7c6 g1f3 d5d4 b5e2 b8a6 a1b1 d4e3
577,a2a3 g8f6 a3a4 f6g8 b1c3 f7f6 c3d5 e7e5 a1b1 d7d6 d2d3 e8f7
578,e2e3 g7g6 g1h3 b7b6 e1e2 e7e6 f2f3 e6e5 c2c3 a7a6 e3e4 d7d5
579,e2e3 g7g6 g1h3 b7b6 f2f3 c8b7 a2a4 e7e6 c2c4 d7d5 e1e2 d8d7
580,g2g4 f7f5 b1c3 f5f4 e2e3 g7g6 g1h3 g6g5 e3e4 c7c5 c3d5 h7h5
581,b1a3 g8f6 f2f3 e7e5 e2e3 f6d5 a1b1 f7f5 c2c3 e8f7 e3e4 f8a3
582,b1a3 e7e6 g1f3 d7d6 e2e3 h7h5 f1e2 a7a6 b2b3 g7g5 a1b1 h5h4
583,e2e3 a7a5 e1e2 b7b5 h2h4 e7e5 c2c3 b5b4 f2f3 d7d6 e3e4 b8d7
584,b1a3 d7d5 c2c3 e8d7 f2f3 h7h6 e2e4 g7g6 d2d3 a7a6 e1e2 c7c5
585,b1a3 d7d5 g1f3 a7a6 d2d3 d5d4 b2b4 e7e6 a3b1 e8d7 c1d2 b7b6
586,b1a3 d7d5 a3b1 d8d6 f2f3 e7e5 c2c3 d5d4 e2e4 g8e7 b2b3 e7d5
587,e2e4 b8c6 g2g4 g8h6 a2a4 g7g6 b1c3 a7a5 c3d5 h8g8 a1b1 c6b4
588,a2a4 c7c6 b2b3 f7f6 d2d3 e8f7 b3b4 e7e5 e1d2 f8b4 c2c3 b4e7
589,b1a3 d7d5 d2d3 a7a6 a3b5 c8h3 a1b1 e7e5 c1e3 e8e7 a2a3 c7c6
590,d2d4 c7c6 g2g3 f7f6 d4d5 e8f7 b2b4 e7e5 g3g4 f7e8 b4b5 b7b6
591,b1a3 d7d5 d2d4 e7e5 b2b4 a7a6 a3b5 e8e7 a2a3 a6b5 g2g3 c8e6
592,b1a3 d7d5 g2g4 a7a6 a3b5 e7e5 b2b3 e8d7 b3b4 d8e8 h2h4 g7g5
593,b1a3 d7d5 g2g4 a7a6 a3b5 c8g4 b5d4 e7e5 d2d3 e5d4 f2f3 f8d6
594,b1a3 d7d5 c2c3 g7g6 d2d3 c7c6 g2g4 e7e6 a3c2 d5d4 e2e4 h7h5
595,a2a4 c7c6 h2h4 f7f6 c2c4 c6c5 e2e3 g7g6 g2g3 e8f7 f1g2 e7e5
596,a2a3 f7f6 e2e3 b8a6 b2b4 b7b6 d2d3 a8b8 c2c4 e7e5 h2h3 c7c5
597,b1a3 g8f6 d2d3 d7d5 b2b3 b8a6 e2e4 e7e6 g2g4 f8a3 e4d5 g7g6
598,e2e3 a7a5 f1b5 c7c5 c2c3 h7h6 e1e2 b7b6 g1f3 c8b7 h2h4 f7f5
599,b1a3 d7d5 g1f3 a7a6 d2d3 d5d4 c1e3 c7c5 f3e5 c5c4 f2f4 c4d3
600,b1a3 d7d5 g1f3 a7a6 a3b1 e7e5 c2c3 d5d4 f3d4 e5d4 c3d4 g7g6
601,e2e3 a7a5 c2c3 g8h6 h2h4 c7c6 g2g3 a5a4 e1e2 d7d6 d2d4 h6g4
602,b1a3 a7a5 f2f3 a5a4 h2h4 g8f6 b2b3 c7c5 b3a4 f6e4 d2d3 h7h5
603,f2f4 g8f6 f4f5 g7g6 b2b4 f6e4 g1h3 a7a5 c1b2 g6f5 b4a5 e7e6
604,b1a3 d7d5 a1b1 c7c5 d2d3 d5d4 b2b4 e8d7 b1b2 c5c4 g1f3 f7f6
605,a2a3 c7c6 h2h4 f7f6 h1h2 d7d6 a3a4 b8d7 h2h1 d7b6 g2g4 d8c7
606,e2e3 a7a5 b1c3 g8h6 b2b3 g7g6 f2f4 d7d6 h2h4 c8g4 c3b5 g4d1
607,b1a3 g8f6 d2d3 d7d5 e2e3 d5d4 g2g4 b8a6 a1b1 a8b8 f2f4 c7c5
608,b1a3 a7a5 f2f3 b7b5 h2h4 f7f5 c2c3 d7d6 e1f2 b8a6 d1c2 a6b4
609,f2f3 b7b5 c2c4 g8h6 a2a4 g7g6 h2h4 f7f5 g2g4 f5f4 g4g5 b5a4
610,e2e3 g7g5 h2h4 d7d6 f1b5 b8d7 e1e2 h7h5 a2a3 e7e5 b5c4 f8g7
611,b1a3 g7g5 a1b1 h7h6 d2d3 e7e5 g2g3 e8e7 f2f4 d7d5 g1f3 a7a6
612,b1a3 g8f6 d2d3 d7d5 a1b1 b7b6 c2c4 e8d7 c4d5 b8a6 a3c2 a6b4
613,b1a3 e7e5 g1f3 e8e7 g2g3 f7f6 f3e5 f6e5 d2d4 g8f6 d4e5 a7a5
614,b1a3 g8f6 a1b1 b7b5 c2c4 f6g4 h2h3 d7d5 a3b5 e8d7 f2f4 a7a5
615,g2g4 b7b6 h2h4 d7d6 f2f4 f7f6 f4f5 e8d7 c2c3 b8a6 b2b3 h7h5
616,b1a3 e7e5 c2c4 e8e7 g1h3 f7f6 a3c2 h7h5 f2f4 e5f4 a2a3 b7b6
617,d2d3 f7f6 b1a3 c7c5 g2g3 h7h6 b2b3 e7e5 f1g2 c5c4 g3g4 f8b4
618,b1a3 h7h6 b2b3 f7f5 b3b4 c7c5 b4c5 a7a6 d2d4 e7e5 d4e5 d7d6
619,a2a3 c7c6 g2g4 b7b6 d2d4 c6c5 c2c4 h7h5 b1d2 d7d6 a3a4 c8b7
620,b1a3 a7a6 a1b1 d7d5 b2b3 e7e5 c2c4 e8d7 c4d5 b7b5 a3c2 c7c6
621,b2b4 b7b6 a2a4 d7d6 b4b5 b8c6 b5c6 g7g6 c2c4 e7e6 h2h3 g6g5
622,e2e3 g7g6 f2f4 f7f5 e1e2 e7e5 e3e4 d8e7 e2d3 g8f6 g1e2 f6e4
623,b1a3 g8f6 g1f3 h7h5 h2h3 f6g4 d2d3 g4f2 d1d2 d7d5 c2c4 a7a6
624,b1a3 e7e5 g1f3 e8e7 d2d3 f7f6 a1b1 a7a5 h2h3 a5a4 g2g3 d8e8
625,b1a3 f7f6 b2b4 e7e5 h2h4 c7c5 a3b1 e5e4 f2f4 a7a6 e1f2 c5b4
626,b1a3 e7e5 g1f3 b7b6 f3g1 f7f6 b2b4 d7d5 b4b5 e8d7 h2h4 g8e7
627,e2e3 c7c5 e1e2 f7f5 f2f3 h7h6 h2h4 h8h7 c2c4 d7d5 g1h3 g7g5
628,e2e3 a7a5 b1a3 a5a4 c2c3 c7c5 f2f3 c5c4 e1e2 g8h6 h2h4 h6g4
629,g2g4 d7d6 b2b4 a7a5 a2a4 a5b4 f2f3 a8a7 e1f2 e7e5 c2c4 g7g5
630,e2e3 g7g6 f2f4 f7f5 g1e2 e7e5 b1c3 b8c6 a2a4 a8b8 b2b3 f8c5
631,e2e3 g7g5 f2f4 a7a5 e1e2 b7b5 c2c3 b5b4 b1a3 d7d5 d2d3 e7e5
632,e2e3 a7a5 b1a3 a5a4 b2b3 f7f6 f2f3 e7e5 g2g3 e8e7 f1c4 c7c5
633,e2e3 g7g5 f2f4 h7h6 f4f5 g5g4 h2h4 c7c5 g2g3 d7d5 f1g2 h8h7
634,b1a3 a7a6 c2c3 d7d6 d2d3 g8f6 e2e4 f6h5 a3c4 f7f6 f2f4 h5f4
635,e2e3 g7g6 f2f3 g8h6 g2g3 b7b5 f1c4 b5b4 e1e2 d7d5 c4d5 d8d5
636,e2e3 a7a5 a2a4 a8a7 b2b3 g7g5 e3e4 c7c5 d2d4 h7h5 f1c4 b8c6
637,e2e3 a7a5 c2c3 g7g5 h2h4 g5h4 a2a3 a8a7 c3c4 h7h5 d2d4 c7c5
638,e2e3 a7a5 b1a3 a5a4 d2d3 f7f6 f2f4 e7e6 g1e2 f8a3 e1d2 d8e7
639,a2a3 g8f6 f2f3 b8c6 g2g3 f6e4 d2d4 b7b6 c2c4 g7g6 b2b4 e4d6
640,e2e3 g7g5 h2h3 e7e6 f2f4 f7f6 e1e2 g8e7 f4f5 e6e5 e3e4 e7c6
641,a2a3 g8f6 a3a4 d7d5 b2b3 a7a6 a1a3 e7e5 d2d3 f8a3 a4a5 c7c5
642,g2g4 c7c5 c2c4 g8h6 d2d4 g7g6 h2h3 b8c6 d4c5 e7e6 d1d4 c6d4
643,b1a3 e7e6 d2d3 f7f6 h2h4 a7a5 a3c4 g7g5 g2g3 b8a6 c4b6 a8b8
644,b1a3 g8f6 e2e3 c7c5 a3b1 f6d5 g1e2 g7g5 f2f4 e7e5 d2d3 d5e3
645,e2e3 a7a5 b2b3 a5a4 f2f3 f7f6 f3f4 e7e5 b1c3 c7c5 d1e2 a4a3
646,e2e3 a7a5 f1b5 a5a4 g1f3 c7c6 e3e4 f7f6 e1g1 g7g6 e4e5 d7d5
647,e2e3 g7g5 a2a3 c7c6 g2g3 h7h5 d2d3 c6c5 g1f3 g5g4 f3e5 f7f5
648,e2e3 g7g5 a2a3 c7c5 f2f3 a7a5 h2h3 g8h6 c2c4 e7e6 g2g3 a5a4
649,d2d4 h7h5 e1d2 g7g6 h2h4 f7f5 f2f3 f8h6 d2e1 e7e5 b2b3 d7d6
650,e2e3 a7a5 f1b5 a5a4 d2d3 e7e5 e3e4 f7f6 g1f3 c7c6 f3e5 a4a3
651,a2a3 c7c6 d2d3 d7d6 c2c4 a7a5 f2f3 f7f5 c4c5 a5a4 c1h6 e7e6
652,e2e3 a7a5 g1h3 g8h6 d2d4 d7d6 d4d5 g7g5 a2a4 c8h3 f2f3 a8a6
653,d2d3 c7c6 b1a3 f7f6 a1b1 c6c5 f2f3 c5c4 b2b4 e7e5 a3c4 g8e7
654,b1a3 e7e6 a1b1 e6e5 g1f3 c7c5 b1a1 h7h6 c2c4 f7f5 b2b3 d8a5
655,d2d4 g7g5 d1d3 h7h5 e2e4 f7f5 b2b4 c7c6 d4d5 f5e4 d3d4 e7e6
656,c2c4 b8c6 h2h4 b7b5 a2a4 f7f6 h4h5 g8h6 g2g4 b5a4 d2d4 d7d5
657,c2c4 d7d5 c4d5 e8d7 a2a3 g7g6 e2e4 c7c6 f2f4 d8c7 h2h3 f7f6
658,b1a3 g8f6 d2d4 d7d5 g1f3 f6d7 c1f4 g7g5 a3b1 e7e5 f3e5 g5f4
659,b1a3 e7e5 g1f3 h7h6 d2d3 d7d5 e2e3 c8g4 f1e2 a7a6 c2c3 e5e4
660,g2g4 d7d6 g1h3 a7a5 b1c3 a5a4 b2b4 c7c6 d2d4 h7h6 c1e3 e7e6
661,a2a4 d7d6 g2g3 h7h6 e2e4 h8h7 f2f3 b7b6 f1g2 e7e5 b1c3 d8f6
662,e2e3 b8a6 d2d3 d7d6 f2f4 g8f6 g1f3 c8f5 d1d2 a6b8 c2c4 b8a6
663,e2e3 a7a5 g2g3 a5a4 f1b5 c7c6 d2d4 f7f6 d1e2 c6b5 e2h5 g7g6
664,a2a4 h7h5 e2e3 c7c5 f2f3 d8b6 a4a5 b6g6 f1c4 h8h7 e1e2 a7a6
665,e2e3 g7g6 f2f3 g8h6 e3e4 f8g7 a2a4 e8g8 f1b5 f7f6 b1c3 c7c6
666,a2a4 h7h5 b2b4 h8h6 f2f3 c7c5 g1h3 a7a5 c1a3 f7f5 b4a5 g7g5
667,g2g4 d7d6 f1h3 h7h5 b2b4 a7a6 e1f1 g7g5 f2f3 e7e5 c2c4 a8a7
668,a2a3 g8f6 e2e3 b8c6 f2f3 f6d5 a3a4 c6b8 b2b4 e7e5 e3e4 h8g8
669,g2g4 b7b6 c2c3 d7d6 h2h4 a7a5 d2d3 a8a7 c1e3 c8g4 e3d2 g8h6
670,e2e3 a7a5 g1h3 e7e6 e1e2 b7b6 g2g3 c8b7 f2f3 g7g5 a2a3 b8a6
671,a2a3 g8f6 e2e4 b8c6 f2f3 f6g8 e4e5 g7g6 a3a4 a8b8 e1f2 c6d4
672,a2a4 f7f5 d2d3 e7e5 c2c3 h7h6 c1h6 g8f6 a4a5 f6g4 h2h3 h8h6
673,a2a4 a7a6 g2g4 e7e6 b2b4 f7f6 b4b5 g7g6 e2e3 f8b4 b1c3 a6b5
674,b1a3 e7e5 d2d3 f7f6 a1b1 f8a3 h2h4 c7c5 h4h5 g8h6 e2e3 e8f8
675,d2d3 b7b5 b1a3 f7f6 b2b4 g8h6 f2f4 f6f5 a1b1 a7a5 b4a5 d7d6
676,f2f3 c7c6 b2b4 a7a5 a2a4 g7g6 g2g4 d7d6 e1f2 f7f5 c1b2 h7h5
677,e2e3 a7a5 d2d4 a5a4 a2a3 g8f6 g2g3 f6d5 e3e4 f7f6 d1d2 d5b6
678,b1a3 e7e6 d2d3 f7f6 c1e3 c7c6 c2c3 d7d6 g2g3 e6e5 a1c1 e8e7
679,a2a3 g8f6 a3a4 a7a6 a4a5 d7d5 a1a3 g7g6 g1f3 c8e6 g2g4 h7h5
680,b2b3 f7f5 e2e4 f5e4 f2f3 h7h5 f3e4 h8h7 e4e5 c7c6 g1e2 d8b6
681,g2g4 b7b6 c2c4 f7f6 f2f4 b6b5 c4b5 c7c5 h2h4 a7a6 a2a4 d7d6
682,e2e3 a7a5 g1h3 d7d6 f2f4 c7c6 d2d4 g8h6 e3e4 c8h3 d4d5 g7g5
683,b1a3 g7g5 h2h4 g5h4 c2c4 c7c5 g2g4 h7h5 f2f4 f7f5 g4f5 f8g7
684,b1c3 e7e6 g2g3 f7f6 g3g4 b7b6 h2h3 e8e7 b2b3 h7h6 e2e4 e6e5
685,f2f3 a7a5 g1h3 g8h6 e2e4 b8c6 a2a4 c6d4 e4e5 e7e6 b2b3 c7c5
686,e2e3 g7g6 b1a3 f8h6 a1b1 f7f5 f1e2 e7e6 a3c4 f5f4 c4a5 f4e3
687,d2d4 g7g5 d1d3 g8h6 h2h4 d7d6 e1d2 b7b6 e2e4 h6g4 h4g5 b8d7
688,b2b3 b8a6 e2e4 e7e5 f2f3 f8d6 e1f2 a6b4 f1b5 g8f6 b5e2 d6c5
689,g2g4 a7a5 d2d3 a8a6 e2e4 c7c5 d1f3 h7h5 e1d2 h5g4 f3f4 b8c6
690,d2d4 g8f6 d1d3 b7b5 e2e4 f6e4 g2g3 c7c6 b1a3 f7f6 b2b4 e4f2
691,e2e3 a7a5 g1e2 e7e6 h1g1 f7f6 c2c3 a5a4 f2f3 e8f7 e1f2 f8c5
692,b2b3 c7c6 e2e3 f7f5 f1e2 b7b6 c2c4 f5f4 b1c3 f4e3 f2e3 a7a6
693,h2h4 d7d6 c2c4 b7b6 h1h3 c8h3 b2b3 g8h6 d2d4 e8d7 g1h3 h8g8
694,b1a3 e7e5 d2d3 g8f6 e2e3 c7c5 b2b4 c5b4 h2h3 b8c6 a1b1 d7d6
695,b1a3 c7c5 d2d3 f7f6 b2b4 g7g6 h2h3 g6g5 e2e3 h7h5 e1e2 f6f5
696,b1a3 f7f6 b2b4 c7c5 d2d3 f6f5 a1b1 d8a5 b4a5 c5c4 h2h4 e7e5
697,b1a3 a7a5 f2f3 b7b5 g2g3 g8h6 e2e3 f7f6 g1e2 b8c6 a3b5 g7g5
698,b1a3 f7f6 b2b4 c7c5 d2d3 c5b4 a1b1 a7a5 c2c3 e8f7 e2e3 e7e5
699,b2b3 f7f6 f2f3 a7a5 d2d4 c7c5 e1d2 e8f7 h2h3 a5a4 d4c5 e7e6
700,e2e3 g7g5 f2f4 a7a5 e3e4 a5a4 d2d3 b8c6 h2h4 d7d6 b1d2 c6e5
